ONS,2012 Q1,2012 Q2,2012 Q3,2012 Q4,2013 Q1,2013 Q2,2013 Q3,2013 Q4,2014 Q1,2014 Q2,2014 Q3,2014 Q4,2015 Q1,2015 Q2,2015 Q3,2015 Q4,Region,LA,ONS
,575.0,575.0,575.0,575.0,585.0,-,595.0,-,595.0,-,595.0,-,-,-,-,-,England,64,
,495.0,495.0,495.0,500.0,500.0,-,500.0,-,500.0,-,517.0,-,-,-,-,-,East Midlands,E,
,595.0,595.0,600.0,600.0,600.0,-,600.0,-,625.0,-,625.0,-,-,-,-,-,East of England,G,
,1118.0,1148.0,1150.0,1196.0,1250.0,-,1300.0,-,1300.0,-,1300.0,-,-,-,-,-,London,H,
,450.0,450.0,450.0,450.0,450.0,-,450.0,-,450.0,-,465.0,-,-,-,-,-,North East,A,
,495.0,495.0,495.0,495.0,495.0,-,495.0,-,495.0,-,500.0,-,-,-,-,-,North West,B,
,725.0,725.0,725.0,725.0,750.0,-,750.0,-,750.0,-,760.0,-,-,-,-,-,South East,J,
,600.0,600.0,600.0,610.0,615.0,-,625.0,-,635.0,-,650.0,-,-,-,-,-,South West,K,
,520.0,525.0,525.0,525.0,525.0,-,525.0,-,530.0,-,550.0,-,-,-,-,-,West Midlands,F,
,475.0,475.0,475.0,475.0,485.0,-,480.0,-,480.0,-,495.0,-,-,-,-,-,Yorkshire and the Humber,D,
E09000002,850.0,850.0,850.0,875.0,900.0,-,901.0,-,822.0,-,850.0,-,-,-,-,-,Barking and Dagenham,00AB,E09000002
E09000003,1148.0,1170.0,1170.0,1193.0,1200.0,-,1213.0,-,1250.0,-,1278.0,-,-,-,-,-,Barnet,00AC,E09000003
E06000022,750.0,775.0,795.0,825.0,825.0,-,825.0,-,800.0,-,832.0,-,-,-,-,-,Bath and North East Somerset UA,00HA,E06000022
,575.0,575.0,575.0,575.0,575.0,-,600.0,-,600.0,-,625.0,-,-,-,-,-,Bedford UA,00KB,
,,,,,,-,,-,,-,,-,-,-,-,-,Bedfordshire (pre-2009),9,
E09000004,800.0,800.0,825.0,825.0,825.0,-,850.0,-,850.0,-,850.0,-,-,-,-,-,Bexley,00AD,E09000004
E06000008,450.0,450.0,450.0,450.0,450.0,-,450.0,-,450.0,-,450.0,-,-,-,-,-,Blackburn with Darwen UA,00EX,E06000008
E06000009,500.0,498.0,498.0,498.0,498.0,-,500.0,-,498.0,-,498.0,-,-,-,-,-,Blackpool UA,00EY,E06000009
E06000028,650.0,650.0,675.0,650.0,650.0,-,653.0,-,670.0,-,675.0,-,-,-,-,-,Bournemouth UA,00HN,E06000028
E06000036,850.0,850.0,875.0,850.0,875.0,-,895.0,-,895.0,-,900.0,-,-,-,-,-,Bracknell Forest UA,00MA,E06000036
E09000005,1200.0,1200.0,1250.0,1250.0,1278.0,-,1250.0,-,1250.0,-,1365.0,-,-,-,-,-,Brent,00AE,E09000005
E06000043,825.0,800.0,825.0,800.0,825.0,-,850.0,-,900.0,-,950.0,-,-,-,-,-,Brighton and Hove UA,00ML,E06000043
E06000023,650.0,650.0,650.0,650.0,650.0,-,695.0,-,700.0,-,750.0,-,-,-,-,-,"Bristol, City of UA",00HB,E06000023
E09000006,950.0,950.0,950.0,940.0,950.0,-,950.0,-,1000.0,-,1050.0,-,-,-,-,-,Bromley,00AF,E09000006
,775.0,800.0,800.0,825.0,850.0,-,850.0,-,850.0,-,825.0,-,-,-,-,-,Buckinghamshire,,
,625.0,625.0,625.0,600.0,600.0,-,620.0,-,650.0,-,630.0,-,-,-,-,-,Cambridgeshire,,
E09000007,1668.0,1690.0,1711.0,1690.0,1733.0,-,1733.0,-,1625.0,-,1729.0,-,-,-,-,-,Camden,00AG,E09000007
E06000056,625.0,625.0,625.0,635.0,640.0,-,650.0,-,650.0,-,650.0,-,-,-,-,-,Central Bedfordshire UA,00KC,E06000056
,,,,,,-,,-,,-,,-,-,-,-,-,Cheshire (pre-2009),13,
E06000049,550.0,550.0,550.0,550.0,550.0,-,550.0,-,575.0,-,575.0,-,-,-,-,-,Cheshire East UA,00EQ,E06000049
E06000050,575.0,575.0,575.0,575.0,575.0,-,575.0,-,575.0,-,575.0,-,-,-,-,-,Cheshire West and Chester UA,00EW,E06000050
E09000001,1712.0,1712.0,1733.0,1733.0,1668.0,-,1647.0,-,1798.0,-,1863.0,-,-,-,-,-,City of London,00AA,E09000001
,,,,,,-,,-,,-,,-,-,-,-,-,Cornwall (pre-2009),15,
E06000052,595.0,595.0,595.0,600.0,600.0,-,600.0,-,610.0,-,620.0,-,-,-,-,-,Cornwall UA,00HE,E06000052
,,,,,,-,,-,,-,,-,-,-,-,-,County Durham (pre-2009),20,
E09000008,850.0,850.0,880.0,900.0,900.0,-,890.0,-,875.0,-,950.0,-,-,-,-,-,Croydon,00AH,E09000008
,450.0,455.0,460.0,460.0,460.0,-,470.0,-,475.0,-,475.0,-,-,-,-,-,Cumbria,16,
E06000005,440.0,450.0,450.0,450.0,450.0,-,450.0,-,450.0,-,450.0,-,-,-,-,-,Darlington UA,00EH,E06000005
E06000015,450.0,425.0,425.0,450.0,425.0,-,450.0,-,440.0,-,425.0,-,-,-,-,-,Derby UA,00FK,E06000015
,495.0,495.0,495.0,495.0,495.0,-,495.0,-,495.0,-,495.0,-,-,-,-,-,Derbyshire,17,
,595.0,595.0,595.0,600.0,600.0,-,615.0,-,625.0,-,625.0,-,-,-,-,-,Devon,,
,670.0,675.0,650.0,665.0,670.0,-,675.0,-,675.0,-,685.0,-,-,-,-,-,Dorset,19,
E06000047,425.0,425.0,430.0,425.0,425.0,-,425.0,-,433.0,-,433.0,-,-,-,-,-,Durham UA,00EJ,E06000047
E09000009,1096.0,1100.0,1100.0,1148.0,1150.0,-,1250.0,-,1300.0,-,1250.0,-,-,-,-,-,Ealing,00AJ,E09000009
E06000011,455.0,450.0,460.0,460.0,470.0,-,475.0,-,475.0,-,475.0,-,-,-,-,-,East Riding of Yorkshire UA,00FB,E06000011
,650.0,630.0,625.0,625.0,625.0,-,625.0,-,650.0,-,650.0,-,-,-,-,-,East Sussex,,
E09000010,1000.0,997.0,1000.0,1000.0,1050.0,-,1100.0,-,1100.0,-,1100.0,-,-,-,-,-,Enfield,00AK,E09000010
,685.0,680.0,680.0,695.0,695.0,-,695.0,-,700.0,-,710.0,-,-,-,-,-,Essex,22,
,595.0,595.0,600.0,600.0,600.0,-,600.0,-,625.0,-,625.0,-,-,-,-,-,Gloucestershire,23,
,495.0,495.0,495.0,495.0,495.0,-,495.0,-,495.0,-,495.0,-,-,-,-,-,Greater Manchester (Met County),2A,
E09000011,875.0,897.0,948.0,1000.0,1000.0,-,1100.0,-,1125.0,-,1200.0,-,-,-,-,-,Greenwich,00AL,E09000011
E09000012,1213.0,1300.0,1300.0,1300.0,1343.0,-,1387.0,-,1430.0,-,1473.0,-,-,-,-,-,Hackney,00AM,E09000012
E06000006,495.0,495.0,495.0,500.0,500.0,-,500.0,-,500.0,-,500.0,-,-,-,-,-,Halton UA,00ET,E06000006
E09000013,1473.0,1517.0,1517.0,1560.0,1538.0,-,1517.0,-,1560.0,-,1582.0,-,-,-,-,-,Hammersmith and Fulham,00AN,E09000013
,750.0,750.0,750.0,750.0,750.0,-,775.0,-,775.0,-,775.0,-,-,-,-,-,Hampshire,,
E09000014,1040.0,1083.0,1050.0,1100.0,1192.0,-,1200.0,-,1250.0,-,1278.0,-,-,-,-,-,Haringey,00AP,E09000014
E09000015,1050.0,1050.0,1050.0,1050.0,1095.0,-,1148.0,-,1150.0,-,1200.0,-,-,-,-,-,Harrow,00AQ,E09000015
E06000001,449.0,450.0,450.0,450.0,450.0,-,455.0,-,450.0,-,450.0,-,-,-,-,-,Hartlepool UA,00EB,E06000001
E09000016,825.0,825.0,850.0,850.0,850.0,-,875.0,-,862.0,-,867.0,-,-,-,-,-,Havering,00AR,E09000016
E06000019,550.0,550.0,550.0,550.0,550.0,-,550.0,-,550.0,-,550.0,-,-,-,-,-,"Herefordshire, County of UA",00GA,E06000019
,775.0,775.0,800.0,825.0,850.0,-,825.0,-,850.0,-,875.0,-,-,-,-,-,Hertfordshire,26,
E09000017,900.0,900.0,900.0,900.0,900.0,-,945.0,-,950.0,-,1100.0,-,-,-,-,-,Hillingdon,00AS,E09000017
E09000018,1100.0,1075.0,1100.0,1100.0,1127.0,-,1225.0,-,1248.0,-,1200.0,-,-,-,-,-,Hounslow,00AT,E09000018
E06000046,550.0,550.0,565.0,575.0,575.0,-,580.0,-,575.0,-,575.0,-,-,-,-,-,Isle of Wight UA,00MW,E06000046
E07000025,580.0,580.0,,601.0,601.0,-,605.0,-,675.0,-,675.0,-,-,-,-,-,Isles of Scilly UA,00HF,E07000025
E09000019,1473.0,1473.0,1452.0,1473.0,1545.0,-,1560.0,-,1560.0,-,1647.0,-,-,-,-,-,Islington,00AU,E09000019
E09000020,2058.0,2080.0,2058.0,2167.0,2275.0,-,2297.0,-,2351.0,-,2253.0,-,-,-,-,-,Kensington and Chelsea,00AW,E09000020
,630.0,630.0,650.0,650.0,650.0,-,650.0,-,675.0,-,675.0,-,-,-,-,-,Kent,,
E06000010,350.0,350.0,347.0,350.0,380.0,-,350.0,-,350.0,-,350.0,-,-,-,-,-,"Kingston upon Hull, City of UA",00FA,E06000010
E09000021,850.0,483.0,412.0,425.0,850.0,-,1200.0,-,1192.0,-,1250.0,-,-,-,-,-,Kingston upon Thames,00AX,E09000021
E09000022,1213.0,1235.0,1250.0,1300.0,1322.0,-,1343.0,-,1387.0,-,1408.0,-,-,-,-,-,Lambeth,00AY,E09000022
,475.0,475.0,475.0,477.0,479.0,-,495.0,-,495.0,-,495.0,-,-,-,-,-,Lancashire,,
E06000016,495.0,480.0,495.0,495.0,495.0,-,475.0,-,475.0,-,475.0,-,-,-,-,-,Leicester UA,00FN,E06000016
,525.0,525.0,525.0,525.0,525.0,-,525.0,-,525.0,-,525.0,-,-,-,-,-,Leicestershire,,
E09000023,875.0,900.0,925.0,950.0,950.0,-,950.0,-,1000.0,-,1000.0,-,-,-,-,-,Lewisham,00AZ,E09000023
,485.0,495.0,495.0,495.0,500.0,-,500.0,-,515.0,-,515.0,-,-,-,-,-,Lincolnshire,32,
E06000032,600.0,600.0,625.0,625.0,600.0,-,600.0,-,650.0,-,650.0,-,-,-,-,-,Luton UA,00KA,E06000032
E06000035,607.0,625.0,625.0,625.0,650.0,-,650.0,-,650.0,-,650.0,-,-,-,-,-,Medway UA,00LC,E06000035
,498.0,495.0,495.0,495.0,495.0,-,495.0,-,475.0,-,477.0,-,-,-,-,-,Merseyside (Met County),2B,
E09000024,1150.0,1138.0,1150.0,1150.0,1250.0,-,1250.0,-,1321.0,-,1300.0,-,-,-,-,-,Merton,00BA,E09000024
E06000002,350.0,425.0,400.0,450.0,450.0,-,450.0,-,439.0,-,450.0,-,-,-,-,-,Middlesbrough UA,00EC,E06000002
E06000042,695.0,695.0,695.0,695.0,695.0,-,700.0,-,738.0,-,750.0,-,-,-,-,-,Milton Keynes UA,00MG,E06000042
E09000025,899.0,900.0,900.0,950.0,1000.0,-,1096.0,-,1000.0,-,1049.0,-,-,-,-,-,Newham,00BB,E09000025
,530.0,540.0,540.0,550.0,550.0,-,550.0,-,560.0,-,575.0,-,-,-,-,-,Norfolk,33,
E06000012,412.0,412.0,430.0,433.0,433.0,-,433.0,-,433.0,-,433.0,-,-,-,-,-,North East Lincolnshire UA,00FC,E06000012
E06000013,450.0,445.0,450.0,450.0,450.0,-,450.0,-,450.0,-,460.0,-,-,-,-,-,North Lincolnshire UA,00FD,E06000013
E06000024,575.0,575.0,575.0,575.0,575.0,-,595.0,-,625.0,-,625.0,-,-,-,-,-,North Somerset UA,00HC,E06000024
,550.0,550.0,550.0,550.0,550.0,-,550.0,-,550.0,-,550.0,-,-,-,-,-,North Yorkshire,36,
,550.0,549.0,550.0,550.0,550.0,-,550.0,-,550.0,-,560.0,-,-,-,-,-,Northamptonshire,34,
,,,,,,-,,-,,-,,-,-,-,-,-,Northumberland (pre-2009),35,
E06000057,450.0,450.0,450.0,450.0,450.0,-,450.0,-,450.0,-,450.0,-,-,-,-,-,Northumberland UA,00EM,E06000057
E06000018,425.0,450.0,450.0,450.0,429.0,-,445.0,-,460.0,-,477.0,-,-,-,-,-,Nottingham UA,00FY,E06000018
,485.0,490.0,485.0,495.0,495.0,-,495.0,-,495.0,-,495.0,-,-,-,-,-,Nottinghamshire,,
,860.0,875.0,875.0,895.0,895.0,-,895.0,-,895.0,-,880.0,-,-,-,-,-,Oxfordshire,38,
E06000031,525.0,530.0,550.0,550.0,550.0,-,550.0,-,550.0,-,550.0,-,-,-,-,-,Peterborough UA,00JA,E06000031
E06000026,510.0,500.0,475.0,500.0,500.0,-,550.0,-,537.0,-,550.0,-,-,-,-,-,Plymouth UA,00HG,E06000026
E06000029,725.0,725.0,725.0,725.0,700.0,-,725.0,-,750.0,-,750.0,-,-,-,-,-,Poole UA,00HP,E06000029
E06000044,625.0,640.0,650.0,641.0,641.0,-,650.0,-,650.0,-,650.0,-,-,-,-,-,Portsmouth UA,00MR,E06000044
E06000038,750.0,750.0,750.0,775.0,795.0,-,800.0,-,825.0,-,825.0,-,-,-,-,-,Reading UA,00MC,E06000038
E09000026,875.0,900.0,900.0,900.0,900.0,-,932.0,-,925.0,-,925.0,-,-,-,-,-,Redbridge,00BC,E09000026
E06000003,500.0,495.0,495.0,495.0,495.0,-,500.0,-,495.0,-,495.0,-,-,-,-,-,Redcar and Cleveland UA,00EE,E06000003
E09000027,1150.0,1275.0,1250.0,1275.0,1400.0,-,1450.0,-,1500.0,-,1500.0,-,-,-,-,-,Richmond upon Thames,00BD,E09000027
E06000017,595.0,595.0,600.0,625.0,600.0,-,625.0,-,625.0,-,625.0,-,-,-,-,-,Rutland UA,00FP,E06000017
,,,,,,-,,-,,-,,-,-,-,-,-,Shropshire (pre-2009),39,
E06000051,525.0,525.0,525.0,550.0,550.0,-,550.0,-,530.0,-,550.0,-,-,-,-,-,Shropshire UA,00GG,E06000051
E06000039,750.0,750.0,750.0,750.0,780.0,-,775.0,-,775.0,-,775.0,-,-,-,-,-,Slough UA,00MD,E06000039
,565.0,565.0,575.0,575.0,575.0,-,575.0,-,595.0,-,595.0,-,-,-,-,-,Somerset,40,
E06000025,650.0,650.0,650.0,650.0,650.0,-,675.0,-,675.0,-,695.0,-,-,-,-,-,South Gloucestershire UA,00HD,E06000025
,465.0,475.0,475.0,475.0,475.0,-,475.0,-,475.0,-,475.0,-,-,-,-,-,South Yorkshire (Met County),2C,
E06000045,650.0,672.0,675.0,650.0,650.0,-,650.0,-,675.0,-,695.0,-,-,-,-,-,Southampton UA,00MS,E06000045
E06000033,638.0,650.0,650.0,650.0,625.0,-,650.0,-,650.0,-,650.0,-,-,-,-,-,Southend-on-Sea UA,00KF,E06000033
E09000028,1192.0,1213.0,1250.0,1250.0,1343.0,-,1350.0,-,1408.0,-,1408.0,-,-,-,-,-,Southwark,00BE,E09000028
,500.0,500.0,500.0,500.0,500.0,-,504.0,-,525.0,-,510.0,-,-,-,-,-,Staffordshire,,
E06000004,500.0,525.0,500.0,500.0,500.0,-,500.0,-,500.0,-,500.0,-,-,-,-,-,Stockton-on-Tees UA,00EF,E06000004
E06000021,420.0,400.0,400.0,420.0,417.0,-,420.0,-,425.0,-,425.0,-,-,-,-,-,Stoke-on-Trent UA,00GL,E06000021
,525.0,525.0,540.0,550.0,540.0,-,550.0,-,550.0,-,575.0,-,-,-,-,-,Suffolk,42,
,950.0,950.0,975.0,995.0,1000.0,-,995.0,-,995.0,-,1050.0,-,-,-,-,-,Surrey,43,
E09000029,825.0,850.0,880.0,900.0,900.0,-,925.0,-,900.0,-,950.0,-,-,-,-,-,Sutton,00BF,E09000029
E06000030,550.0,550.0,550.0,550.0,550.0,-,575.0,-,575.0,-,585.0,-,-,-,-,-,Swindon UA,00HX,E06000030
E06000020,525.0,525.0,525.0,525.0,525.0,-,545.0,-,530.0,-,525.0,-,-,-,-,-,Telford and Wrekin UA,00GF,E06000020
E06000034,700.0,700.0,700.0,700.0,710.0,-,725.0,-,725.0,-,750.0,-,-,-,-,-,Thurrock UA,00KG,E06000034
E06000027,550.0,550.0,550.0,554.0,550.0,-,575.0,-,575.0,-,575.0,-,-,-,-,-,Torbay UA,00HH,E06000027
E09000030,1300.0,1300.0,1322.0,1400.0,1517.0,-,1517.0,-,1400.0,-,1408.0,-,-,-,-,-,Tower Hamlets,00BG,E09000030
,475.0,470.0,460.0,475.0,475.0,-,475.0,-,475.0,-,495.0,-,-,-,-,-,Tyne and Wear (Met County),2D,
E09000031,900.0,900.0,900.0,900.0,931.0,-,975.0,-,1000.0,-,1000.0,-,-,-,-,-,Waltham Forest,00BH,E09000031
E09000032,1300.0,1325.0,1387.0,1473.0,1500.0,-,1500.0,-,1499.0,-,1515.0,-,-,-,-,-,Wandsworth,00BJ,E09000032
E06000007,525.0,525.0,525.0,525.0,525.0,-,540.0,-,535.0,-,525.0,-,-,-,-,-,Warrington UA,00EU,E06000007
,550.0,550.0,550.0,568.0,585.0,-,575.0,-,595.0,-,600.0,-,-,-,-,-,Warwickshire,44,
E06000037,750.0,750.0,750.0,750.0,750.0,-,775.0,-,750.0,-,795.0,-,-,-,-,-,West Berkshire UA,00MB,E06000037
,525.0,525.0,525.0,525.0,525.0,-,525.0,-,542.0,-,550.0,-,-,-,-,-,West Midlands (Met County),2E,
,725.0,725.0,710.0,725.0,725.0,-,750.0,-,750.0,-,775.0,-,-,-,-,-,West Sussex,45,
,495.0,495.0,495.0,495.0,495.0,-,495.0,-,485.0,-,495.0,-,-,-,-,-,West Yorkshire (Met County),2F,
E09000033,1950.0,1950.0,1950.0,1907.0,1950.0,-,1950.0,-,1950.0,-,2145.0,-,-,-,-,-,Westminster,00BK,E09000033
,,,,,,-,,-,,-,,-,-,-,-,-,Wiltshire (pre-2009),46,
E06000054,650.0,650.0,650.0,650.0,650.0,-,675.0,-,675.0,-,680.0,-,-,-,-,-,Wiltshire UA,00HY,E06000054
E06000040,1050.0,1050.0,995.0,1000.0,1095.0,-,1100.0,-,1100.0,-,1150.0,-,-,-,-,-,Windsor and Maidenhead UA,00ME,E06000040
E06000041,950.0,950.0,950.0,950.0,950.0,-,950.0,-,950.0,-,950.0,-,-,-,-,-,Wokingham UA,00MF,E06000041
,550.0,550.0,550.0,550.0,575.0,-,575.0,-,575.0,-,585.0,-,-,-,-,-,Worcestershire,,
E06000014,675.0,650.0,650.0,650.0,675.0,-,650.0,-,650.0,-,650.0,-,-,-,-,-,York UA,00FF,E06000014
E07000223,700.0,725.0,725.0,725.0,700.0,-,725.0,-,750.0,-,730.0,-,-,-,-,-,Adur,45UB,E07000223
E07000026,450.0,450.0,450.0,450.0,450.0,-,450.0,-,450.0,-,450.0,-,-,-,-,-,Allerdale,16UB,E07000026
,,,,,,-,,-,,-,,-,-,-,-,-,Alnwick,35UB,
E07000032,475.0,475.0,480.0,485.0,495.0,-,495.0,-,495.0,-,495.0,-,-,-,-,-,Amber Valley,17UB,E07000032
E07000224,675.0,675.0,675.0,675.0,650.0,-,675.0,-,700.0,-,695.0,-,-,-,-,-,Arun,45UC,E07000224
E07000170,450.0,450.0,450.0,450.0,450.0,-,450.0,-,450.0,-,450.0,-,-,-,-,-,Ashfield,37UB,E07000170
E07000105,675.0,675.0,675.0,675.0,675.0,-,678.0,-,695.0,-,700.0,-,-,-,-,-,Ashford,29UB,E07000105
E07000004,675.0,675.0,688.0,695.0,695.0,-,695.0,-,695.0,-,725.0,-,-,-,-,-,Aylesbury Vale,11UB,E07000004
E07000200,595.0,595.0,575.0,575.0,575.0,-,595.0,-,625.0,-,625.0,-,-,-,-,-,Babergh,42UB,E07000200
E08000016,400.0,400.0,400.0,412.0,412.0,-,425.0,-,420.0,-,425.0,-,-,-,-,-,Barnsley,00CC,E08000016
E07000027,425.0,425.0,430.0,430.0,430.0,-,433.0,-,433.0,-,435.0,-,-,-,-,-,Barrow-in-Furness,16UC,E07000027
E07000066,750.0,725.0,750.0,750.0,750.0,-,775.0,-,750.0,-,750.0,-,-,-,-,-,Basildon,22UB,E07000066
E07000084,750.0,750.0,775.0,775.0,775.0,-,775.0,-,775.0,-,800.0,-,-,-,-,-,Basingstoke and Deane,24UB,E07000084
E07000171,450.0,450.0,450.0,450.0,475.0,-,475.0,-,475.0,-,475.0,-,-,-,-,-,Bassetlaw,37UC,E07000171
E06000055,,,,,,-,,-,,-,,-,-,-,-,-,Bedford,09UD,E06000055
,,,,,,-,,-,,-,,-,-,-,-,-,Berwick-upon-Tweed,35UC,
E08000025,550.0,550.0,545.0,528.0,525.0,-,550.0,-,550.0,-,575.0,-,-,-,-,-,Birmingham,00CN,E08000025
E07000129,575.0,588.0,595.0,595.0,595.0,-,595.0,-,575.0,-,595.0,-,-,-,-,-,Blaby,31UB,E07000129
,,,,,,-,,-,,-,,-,-,-,-,-,Blyth Valley,35UD,
E07000033,450.0,450.0,450.0,450.0,450.0,-,450.0,-,450.0,-,450.0,-,-,-,-,-,Bolsover,17UC,E07000033
E08000001,450.0,450.0,450.0,450.0,450.0,-,450.0,-,450.0,-,450.0,-,-,-,-,-,Bolton,00BL,E08000001
E07000136,510.0,515.0,520.0,525.0,538.0,-,550.0,-,550.0,-,570.0,-,-,-,-,-,Boston,32UB,E07000136
E08000032,450.0,450.0,450.0,450.0,450.0,-,450.0,-,450.0,-,450.0,-,-,-,-,-,Bradford,00CX,E08000032
E07000067,625.0,650.0,650.0,650.0,650.0,-,670.0,-,675.0,-,675.0,-,-,-,-,-,Braintree,22UC,E07000067
E07000143,560.0,575.0,575.0,575.0,575.0,-,575.0,-,575.0,-,595.0,-,-,-,-,-,Breckland,33UB,E07000143
E07000068,850.0,850.0,850.0,875.0,873.0,-,900.0,-,900.0,-,925.0,-,-,-,-,-,Brentwood,22UD,E07000068
,,,,,,-,,-,,-,,-,-,-,-,-,Bridgnorth,39UB,
E07000144,575.0,575.0,575.0,575.0,583.0,-,595.0,-,595.0,-,595.0,-,-,-,-,-,Broadland,33UC,E07000144
E07000234,595.0,625.0,595.0,595.0,595.0,-,613.0,-,625.0,-,625.0,-,-,-,-,-,Bromsgrove,47UB,E07000234
E07000095,795.0,800.0,800.0,797.0,795.0,-,800.0,-,825.0,-,825.0,-,-,-,-,-,Broxbourne,26UB,E07000095
E07000172,523.0,500.0,525.0,525.0,520.0,-,525.0,-,525.0,-,525.0,-,-,-,-,-,Broxtowe,37UD,E07000172
E07000117,390.0,395.0,395.0,395.0,395.0,-,400.0,-,395.0,-,395.0,-,-,-,-,-,Burnley,30UD,E07000117
E08000002,497.0,495.0,495.0,495.0,500.0,-,500.0,-,495.0,-,495.0,-,-,-,-,-,Bury,00BM,E08000002
E08000033,475.0,475.0,475.0,475.0,475.0,-,475.0,-,475.0,-,475.0,-,-,-,-,-,Calderdale,00CY,E08000033
E07000008,850.0,875.0,878.0,895.0,895.0,-,860.0,-,850.0,-,875.0,-,-,-,-,-,Cambridge,12UB,E07000008
E07000192,495.0,495.0,495.0,495.0,495.0,-,500.0,-,500.0,-,498.0,-,-,-,-,-,Cannock Chase,41UB,E07000192
E07000106,700.0,725.0,750.0,750.0,758.0,-,750.0,-,750.0,-,795.0,-,-,-,-,-,Canterbury,29UC,E07000106
,,,,,,-,,-,,-,,-,-,-,-,-,Caradon,15UB,
E07000028,450.0,450.0,450.0,450.0,450.0,-,440.0,-,450.0,-,450.0,-,-,-,-,-,Carlisle,16UD,E07000028
,,,,,,-,,-,,-,,-,-,-,-,-,Carrick,15UC,
,,,,,,-,,-,,-,,-,-,-,-,-,Castle Morpeth,35UE,
E07000069,753.0,775.0,775.0,775.0,775.0,-,775.0,-,750.0,-,750.0,-,-,-,-,-,Castle Point,22UE,E07000069
E07000130,497.0,495.0,495.0,495.0,495.0,-,495.0,-,495.0,-,495.0,-,-,-,-,-,Charnwood,31UC,E07000130
E07000070,750.0,750.0,750.0,750.0,745.0,-,720.0,-,725.0,-,795.0,-,-,-,-,-,Chelmsford,22UF,E07000070
E07000078,608.0,610.0,625.0,625.0,625.0,-,650.0,-,645.0,-,640.0,-,-,-,-,-,Cheltenham,23UB,E07000078
E07000177,700.0,695.0,700.0,725.0,725.0,-,750.0,-,753.0,-,775.0,-,-,-,-,-,Cherwell,38UB,E07000177
,,,,,,-,,-,,-,,-,-,-,-,-,Chester,13UB,
,,,,,,-,,-,,-,,-,-,-,-,-,Chester-le-Street,20UB,
E07000034,460.0,473.0,450.0,450.0,450.0,-,450.0,-,465.0,-,465.0,-,-,-,-,-,Chesterfield,17UD,E07000034
E07000225,775.0,775.0,758.0,750.0,775.0,-,800.0,-,800.0,-,825.0,-,-,-,-,-,Chichester,45UD,E07000225
E07000005,925.0,895.0,895.0,900.0,978.0,-,975.0,-,990.0,-,985.0,-,-,-,-,-,Chiltern,11UC,E07000005
E07000118,525.0,525.0,500.0,525.0,525.0,-,550.0,-,525.0,-,525.0,-,-,-,-,-,Chorley,30UE,E07000118
E07000048,725.0,725.0,725.0,750.0,750.0,-,750.0,-,750.0,-,795.0,-,-,-,-,-,Christchurch,19UC,E07000048
E07000071,625.0,635.0,628.0,630.0,625.0,-,625.0,-,625.0,-,650.0,-,-,-,-,-,Colchester,22UG,E07000071
,,,,,,-,,-,,-,,-,-,-,-,-,Congleton,13UC,
E07000029,435.0,450.0,450.0,450.0,450.0,-,450.0,-,450.0,-,450.0,-,-,-,-,-,Copeland,16UE,E07000029
E07000150,500.0,495.0,500.0,500.0,500.0,-,515.0,-,525.0,-,525.0,-,-,-,-,-,Corby,34UB,E07000150
E07000079,720.0,725.0,725.0,750.0,750.0,-,750.0,-,775.0,-,790.0,-,-,-,-,-,Cotswold,23UC,E07000079
E08000026,500.0,500.0,500.0,510.0,525.0,-,525.0,-,530.0,-,525.0,-,-,-,-,-,Coventry,00CQ,E08000026
E07000163,525.0,525.0,525.0,525.0,525.0,-,525.0,-,525.0,-,525.0,-,-,-,-,-,Craven,36UB,E07000163
E07000226,775.0,795.0,795.0,795.0,825.0,-,825.0,-,850.0,-,875.0,-,-,-,-,-,Crawley,45UE,E07000226
,,,,,,-,,-,,-,,-,-,-,-,-,Crewe and Nantwich,13UD,
E07000096,750.0,735.0,750.0,775.0,850.0,-,850.0,-,825.0,-,825.0,-,-,-,-,-,Dacorum,26UC,E07000096
E07000107,685.0,650.0,650.0,700.0,700.0,-,725.0,-,725.0,-,725.0,-,-,-,-,-,Dartford,29UD,E07000107
E07000151,550.0,550.0,563.0,575.0,580.0,-,575.0,-,595.0,-,595.0,-,-,-,-,-,Daventry,34UC,E07000151
E07000035,550.0,550.0,550.0,550.0,595.0,-,575.0,-,595.0,-,595.0,-,-,-,-,-,Derbyshire Dales,17UF,E07000035
,,,,,,-,,-,,-,,-,-,-,-,-,Derwentside,20UD,
E08000017,450.0,450.0,460.0,450.0,475.0,-,475.0,-,475.0,-,475.0,-,-,-,-,-,Doncaster,00CE,E08000017
E07000108,510.0,535.0,525.0,505.0,550.0,-,510.0,-,495.0,-,550.0,-,-,-,-,-,Dover,29UE,E07000108
E08000027,495.0,495.0,500.0,500.0,500.0,-,500.0,-,525.0,-,525.0,-,-,-,-,-,Dudley,00CR,E08000027
,,,,,,-,,-,,-,,-,-,-,-,-,Durham,20UE,
,,,,,,-,,-,,-,,-,-,-,-,-,Easington,20UF,
E07000009,650.0,650.0,640.0,650.0,650.0,-,650.0,-,650.0,-,660.0,-,-,-,-,-,East Cambridgeshire,12UC,E07000009
E07000040,630.0,625.0,650.0,650.0,650.0,-,650.0,-,650.0,-,650.0,-,-,-,-,-,East Devon,18UB,E07000040
E07000049,750.0,755.0,750.0,750.0,750.0,-,795.0,-,795.0,-,795.0,-,-,-,-,-,East Dorset,19UD,E07000049
E07000085,750.0,750.0,750.0,750.0,750.0,-,800.0,-,795.0,-,750.0,-,-,-,-,-,East Hampshire,24UC,E07000085
E07000242,780.0,783.0,775.0,795.0,799.0,-,825.0,-,800.0,-,850.0,-,-,-,-,-,East Hertfordshire,26UD,E07000242
E07000137,433.0,433.0,450.0,450.0,450.0,-,450.0,-,450.0,-,450.0,-,-,-,-,-,East Lindsey,32UC,E07000137
E07000152,550.0,550.0,550.0,550.0,550.0,-,550.0,-,550.0,-,550.0,-,-,-,-,-,East Northamptonshire,34UD,E07000152
E07000193,495.0,495.0,495.0,495.0,495.0,-,493.0,-,495.0,-,495.0,-,-,-,-,-,East Staffordshire,41UC,E07000193
E07000061,625.0,625.0,600.0,595.0,600.0,-,625.0,-,625.0,-,625.0,-,-,-,-,-,Eastbourne,21UC,E07000061
E07000086,700.0,702.0,725.0,725.0,725.0,-,725.0,-,750.0,-,760.0,-,-,-,-,-,Eastleigh,24UD,E07000086
E07000030,500.0,500.0,500.0,500.0,510.0,-,525.0,-,525.0,-,525.0,-,-,-,-,-,Eden,16UF,E07000030
,,,,,,-,,-,,-,,-,-,-,-,-,Ellesmere Port and Neston,13UE,
E07000207,1095.0,1150.0,1150.0,1250.0,1300.0,-,1200.0,-,1150.0,-,1250.0,-,-,-,-,-,Elmbridge,43UB,E07000207
E07000072,900.0,895.0,895.0,885.0,900.0,-,925.0,-,925.0,-,895.0,-,-,-,-,-,Epping Forest,22UH,E07000072
E07000208,865.0,975.0,950.0,1028.0,1125.0,-,1100.0,-,1100.0,-,1150.0,-,-,-,-,-,Epsom and Ewell,43UC,E07000208
E07000036,475.0,475.0,475.0,495.0,495.0,-,495.0,-,475.0,-,475.0,-,-,-,-,-,Erewash,17UG,E07000036
E07000041,675.0,675.0,675.0,675.0,685.0,-,695.0,-,725.0,-,700.0,-,-,-,-,-,Exeter,18UC,E07000041
E07000087,700.0,725.0,725.0,725.0,725.0,-,725.0,-,725.0,-,750.0,-,-,-,-,-,Fareham,24UE,E07000087
E07000010,525.0,525.0,525.0,525.0,525.0,-,525.0,-,550.0,-,550.0,-,-,-,-,-,Fenland,12UD,E07000010
E07000201,650.0,700.0,695.0,700.0,698.0,-,700.0,-,695.0,-,723.0,-,-,-,-,-,Forest Heath,42UC,E07000201
E07000080,550.0,550.0,550.0,550.0,550.0,-,550.0,-,550.0,-,550.0,-,-,-,-,-,Forest of Dean,23UD,E07000080
E07000119,550.0,550.0,550.0,550.0,550.0,-,550.0,-,550.0,-,550.0,-,-,-,-,-,Fylde,30UF,E07000119
E08000037,475.0,475.0,475.0,475.0,475.0,-,475.0,-,495.0,-,495.0,-,-,-,-,-,Gateshead,00CH,E08000037
E07000173,500.0,520.0,525.0,525.0,525.0,-,540.0,-,540.0,-,540.0,-,-,-,-,-,Gedling,37UE,E07000173
E07000081,525.0,535.0,535.0,550.0,550.0,-,545.0,-,550.0,-,550.0,-,-,-,-,-,Gloucester,23UE,E07000081
E07000088,625.0,625.0,625.0,625.0,625.0,-,637.0,-,650.0,-,650.0,-,-,-,-,-,Gosport,24UF,E07000088
E07000109,650.0,675.0,675.0,675.0,675.0,-,675.0,-,675.0,-,670.0,-,-,-,-,-,Gravesham,29UG,E07000109
E07000145,480.0,484.0,495.0,495.0,485.0,-,495.0,-,495.0,-,495.0,-,-,-,-,-,Great Yarmouth,33UD,E07000145
E07000209,995.0,975.0,1000.0,1025.0,1050.0,-,1050.0,-,1150.0,-,1100.0,-,-,-,-,-,Guildford,43UD,E07000209
E07000164,550.0,550.0,550.0,550.0,550.0,-,550.0,-,550.0,-,550.0,-,-,-,-,-,Hambleton,36UC,E07000164
E07000131,550.0,550.0,560.0,575.0,595.0,-,595.0,-,575.0,-,595.0,-,-,-,-,-,Harborough,31UD,E07000131
E07000073,725.0,700.0,700.0,750.0,730.0,-,750.0,-,725.0,-,722.0,-,-,-,-,-,Harlow,22UJ,E07000073
E07000165,650.0,650.0,650.0,650.0,650.0,-,675.0,-,675.0,-,675.0,-,-,-,-,-,Harrogate,36UD,E07000165
E07000089,850.0,850.0,850.0,850.0,850.0,-,875.0,-,900.0,-,900.0,-,-,-,-,-,Hart,24UG,E07000089
E07000062,495.0,495.0,477.0,475.0,495.0,-,520.0,-,520.0,-,500.0,-,-,-,-,-,Hastings,21UD,E07000062
E07000090,695.0,695.0,695.0,695.0,695.0,-,695.0,-,700.0,-,725.0,-,-,-,-,-,Havant,24UH,E07000090
E07000098,895.0,900.0,950.0,995.0,1050.0,-,1000.0,-,950.0,-,997.0,-,-,-,-,-,Hertsmere,26UE,E07000098
E07000037,495.0,495.0,495.0,495.0,495.0,-,495.0,-,495.0,-,495.0,-,-,-,-,-,High Peak,17UH,E07000037
E07000132,500.0,500.0,500.0,500.0,500.0,-,500.0,-,500.0,-,500.0,-,-,-,-,-,Hinckley and Bosworth,31UE,E07000132
E07000227,785.0,795.0,795.0,825.0,850.0,-,850.0,-,850.0,-,875.0,-,-,-,-,-,Horsham,45UF,E07000227
E07000011,585.0,575.0,595.0,575.0,575.0,-,575.0,-,595.0,-,600.0,-,-,-,-,-,Huntingdonshire,12UE,E07000011
E07000120,395.0,399.0,400.0,400.0,400.0,-,420.0,-,425.0,-,425.0,-,-,-,-,-,Hyndburn,30UG,E07000120
E07000202,460.0,465.0,475.0,475.0,443.0,-,470.0,-,475.0,-,460.0,-,-,-,-,-,Ipswich,42UD,E07000202
,,,,,,-,,-,,-,,-,-,-,-,-,Kennet,46UB,
,,,,,,-,,-,,-,,-,-,-,-,-,Kerrier,15UD,
E07000153,500.0,500.0,500.0,500.0,525.0,-,525.0,-,525.0,-,525.0,-,-,-,-,-,Kettering,34UE,E07000153
E07000146,550.0,550.0,550.0,550.0,550.0,-,575.0,-,550.0,-,570.0,-,-,-,-,-,King's Lynn and West Norfolk,33UE,E07000146
E08000034,450.0,450.0,450.0,450.0,450.0,-,450.0,-,450.0,-,450.0,-,-,-,-,-,Kirklees,00CZ,E08000034
E08000011,548.0,550.0,550.0,550.0,550.0,-,550.0,-,550.0,-,525.0,-,-,-,-,-,Knowsley,00BX,E08000011
E07000121,357.0,420.0,450.0,475.0,495.0,-,475.0,-,495.0,-,495.0,-,-,-,-,-,Lancaster,30UH,E07000121
E08000035,625.0,650.0,675.0,670.0,650.0,-,600.0,-,625.0,-,675.0,-,-,-,-,-,Leeds,00DA,E08000035
E07000063,780.0,783.0,775.0,795.0,795.0,-,800.0,-,820.0,-,820.0,-,-,-,-,-,Lewes,21UF,E07000063
E07000194,575.0,575.0,575.0,595.0,575.0,-,595.0,-,595.0,-,595.0,-,-,-,-,-,Lichfield,41UD,E07000194
E07000138,460.0,475.0,475.0,465.0,460.0,-,460.0,-,475.0,-,475.0,-,-,-,-,-,Lincoln,32UD,E07000138
E08000012,475.0,450.0,450.0,430.0,400.0,-,400.0,-,347.0,-,347.0,-,-,-,-,-,Liverpool,00BY,E08000012
,,,,,,-,,-,,-,,-,-,-,-,-,Macclesfield,13UG,
E07000110,650.0,675.0,675.0,695.0,695.0,-,700.0,-,700.0,-,725.0,-,-,-,-,-,Maidstone,29UH,E07000110
E07000074,700.0,700.0,675.0,650.0,675.0,-,695.0,-,675.0,-,725.0,-,-,-,-,-,Maldon,22UK,E07000074
E07000235,575.0,575.0,595.0,585.0,595.0,-,595.0,-,610.0,-,615.0,-,-,-,-,-,Malvern Hills,47UC,E07000235
E08000003,525.0,495.0,525.0,525.0,525.0,-,499.0,-,550.0,-,595.0,-,-,-,-,-,Manchester,00BN,E08000003
E07000174,470.0,475.0,475.0,475.0,475.0,-,475.0,-,453.0,-,470.0,-,-,-,-,-,Mansfield,37UF,E07000174
E07000133,500.0,495.0,500.0,500.0,500.0,-,513.0,-,535.0,-,550.0,-,-,-,-,-,Melton,31UG,E07000133
E07000187,575.0,575.0,575.0,595.0,595.0,-,600.0,-,625.0,-,603.0,-,-,-,-,-,Mendip,40UB,E07000187
,,,,,,-,,-,,-,,-,-,-,-,-,Mid Bedfordshire,09UC,
E07000042,575.0,585.0,575.0,580.0,590.0,-,595.0,-,595.0,-,595.0,-,-,-,-,-,Mid Devon,18UD,E07000042
E07000203,550.0,550.0,550.0,550.0,550.0,-,555.0,-,575.0,-,595.0,-,-,-,-,-,Mid Suffolk,42UE,E07000203
E07000228,795.0,795.0,795.0,795.0,800.0,-,825.0,-,850.0,-,850.0,-,-,-,-,-,Mid Sussex,45UG,E07000228
E07000210,895.0,895.0,925.0,950.0,975.0,-,950.0,-,975.0,-,995.0,-,-,-,-,-,Mole Valley,43UE,E07000210
E07000091,725.0,725.0,745.0,725.0,725.0,-,725.0,-,750.0,-,760.0,-,-,-,-,-,New Forest,24UJ,E07000091
E07000175,475.0,475.0,475.0,475.0,480.0,-,495.0,-,495.0,-,495.0,-,-,-,-,-,Newark and Sherwood,37UG,E07000175
E08000021,399.0,395.0,355.0,400.0,440.0,-,450.0,-,475.0,-,525.0,-,-,-,-,-,Newcastle upon Tyne,00CJ,E08000021
E07000195,475.0,475.0,475.0,475.0,450.0,-,460.0,-,475.0,-,460.0,-,-,-,-,-,Newcastle-under-Lyme,41UE,E07000195
,,,,,,-,,-,,-,,-,-,-,-,-,North Cornwall,15UE,
E07000043,550.0,550.0,550.0,550.0,550.0,-,565.0,-,575.0,-,595.0,-,-,-,-,-,North Devon,18UE,E07000043
E07000050,650.0,645.0,650.0,635.0,650.0,-,650.0,-,625.0,-,630.0,-,-,-,-,-,North Dorset,19UE,E07000050
E07000038,500.0,500.0,500.0,495.0,495.0,-,500.0,-,495.0,-,495.0,-,-,-,-,-,North East Derbyshire,17UJ,E07000038
E07000099,650.0,645.0,650.0,695.0,725.0,-,725.0,-,725.0,-,725.0,-,-,-,-,-,North Hertfordshire,26UF,E07000099
E07000139,525.0,525.0,525.0,525.0,525.0,-,510.0,-,525.0,-,550.0,-,-,-,-,-,North Kesteven,32UE,E07000139
E07000147,540.0,525.0,525.0,525.0,550.0,-,550.0,-,550.0,-,550.0,-,-,-,-,-,North Norfolk,33UF,E07000147
,,,,,,-,,-,,-,,-,-,-,-,-,North Shropshire,39UC,
E08000022,475.0,475.0,475.0,475.0,495.0,-,500.0,-,500.0,-,495.0,-,-,-,-,-,North Tyneside,00CK,E08000022
E07000218,525.0,550.0,525.0,550.0,550.0,-,550.0,-,550.0,-,550.0,-,-,-,-,-,North Warwickshire,44UB,E07000218
E07000134,525.0,525.0,525.0,525.0,525.0,-,525.0,-,525.0,-,525.0,-,-,-,-,-,North West Leicestershire,31UH,E07000134
,,,,,,-,,-,,-,,-,-,-,-,-,North Wiltshire,46UC,
E07000154,550.0,550.0,550.0,550.0,550.0,-,550.0,-,575.0,-,575.0,-,-,-,-,-,Northampton,34UF,E07000154
E07000148,550.0,553.0,550.0,575.0,575.0,-,595.0,-,595.0,-,595.0,-,-,-,-,-,Norwich,33UG,E07000148
E07000219,495.0,495.0,495.0,495.0,495.0,-,495.0,-,500.0,-,500.0,-,-,-,-,-,Nuneaton and Bedworth,44UC,E07000219
E07000135,550.0,560.0,550.0,560.0,550.0,-,575.0,-,575.0,-,575.0,-,-,-,-,-,Oadby and Wigston,31UJ,E07000135
E08000004,475.0,475.0,483.0,485.0,495.0,-,495.0,-,495.0,-,495.0,-,-,-,-,-,Oldham,00BP,E08000004
,,,,,,-,,-,,-,,-,-,-,-,-,Oswestry,39UD,
E07000178,995.0,995.0,990.0,1000.0,1013.0,-,1000.0,-,995.0,-,1035.0,-,-,-,-,-,Oxford,38UC,E07000178
E07000122,395.0,400.0,416.0,425.0,425.0,-,415.0,-,425.0,-,425.0,-,-,-,-,-,Pendle,30UJ,E07000122
,,,,,,-,,-,,-,,-,-,-,-,-,Penwith,15UF,
E07000123,460.0,455.0,460.0,475.0,455.0,-,475.0,-,475.0,-,495.0,-,-,-,-,-,Preston,30UK,E07000123
E07000051,675.0,675.0,675.0,675.0,675.0,-,725.0,-,725.0,-,725.0,-,-,-,-,-,Purbeck,19UG,E07000051
E07000236,550.0,550.0,550.0,550.0,550.0,-,550.0,-,575.0,-,575.0,-,-,-,-,-,Redditch,47UD,E07000236
E07000211,825.0,825.0,850.0,895.0,900.0,-,895.0,-,900.0,-,950.0,-,-,-,-,-,Reigate and Banstead,43UF,E07000211
,,,,,,-,,-,,-,,-,-,-,-,-,Restormel,15UG,
E07000124,550.0,550.0,550.0,550.0,550.0,-,550.0,-,550.0,-,550.0,-,-,-,-,-,Ribble Valley,30UL,E07000124
E07000166,550.0,550.0,550.0,550.0,550.0,-,550.0,-,550.0,-,550.0,-,-,-,-,-,Richmondshire,36UE,E07000166
E08000005,450.0,450.0,450.0,450.0,450.0,-,450.0,-,450.0,-,450.0,-,-,-,-,-,Rochdale,00BQ,E08000005
E07000075,775.0,775.0,775.0,775.0,775.0,-,750.0,-,795.0,-,795.0,-,-,-,-,-,Rochford,22UL,E07000075
E07000125,448.0,450.0,450.0,438.0,450.0,-,450.0,-,450.0,-,450.0,-,-,-,-,-,Rossendale,30UM,E07000125
E07000064,600.0,630.0,625.0,625.0,625.0,-,600.0,-,600.0,-,595.0,-,-,-,-,-,Rother,21UG,E07000064
E08000018,450.0,450.0,450.0,450.0,450.0,-,466.0,-,450.0,-,450.0,-,-,-,-,-,Rotherham,00CF,E08000018
E07000220,525.0,525.0,525.0,525.0,550.0,-,550.0,-,550.0,-,575.0,-,-,-,-,-,Rugby,44UD,E07000220
E07000212,1000.0,1100.0,1100.0,1100.0,1050.0,-,1000.0,-,1000.0,-,995.0,-,-,-,-,-,Runnymede,43UG,E07000212
E07000176,575.0,575.0,550.0,546.0,542.0,-,525.0,-,542.0,-,550.0,-,-,-,-,-,Rushcliffe,37UJ,E07000176
E07000092,700.0,725.0,725.0,725.0,750.0,-,775.0,-,750.0,-,750.0,-,-,-,-,-,Rushmoor,24UL,E07000092
E07000167,524.0,515.0,522.0,515.0,523.0,-,525.0,-,525.0,-,525.0,-,-,-,-,-,Ryedale,36UF,E07000167
E08000006,495.0,495.0,500.0,525.0,545.0,-,550.0,-,550.0,-,572.0,-,-,-,-,-,Salford,00BR,E08000006
,,,,,,-,,-,,-,,-,-,-,-,-,Salisbury,46UD,
E08000028,495.0,495.0,495.0,495.0,495.0,-,500.0,-,500.0,-,500.0,-,-,-,-,-,Sandwell,00CS,E08000028
E07000168,425.0,433.0,425.0,450.0,450.0,-,433.0,-,400.0,-,433.0,-,-,-,-,-,Scarborough,36UG,E07000168
,,,,,,-,,-,,-,,-,-,-,-,-,Sedgefield,20UG,
E07000188,550.0,550.0,550.0,550.0,550.0,-,560.0,-,570.0,-,570.0,-,-,-,-,-,Sedgemoor,40UC,E07000188
E08000014,550.0,550.0,550.0,550.0,550.0,-,550.0,-,550.0,-,550.0,-,-,-,-,-,Sefton,00CA,E08000014
E07000169,520.0,520.0,515.0,515.0,515.0,-,528.0,-,525.0,-,525.0,-,-,-,-,-,Selby,36UH,E07000169
E07000111,985.0,950.0,950.0,900.0,895.0,-,925.0,-,1050.0,-,1100.0,-,-,-,-,-,Sevenoaks,29UK,E07000111
E08000019,495.0,495.0,495.0,495.0,495.0,-,495.0,-,495.0,-,500.0,-,-,-,-,-,Sheffield,00CG,E08000019
E07000112,535.0,550.0,550.0,550.0,550.0,-,550.0,-,541.0,-,525.0,-,-,-,-,-,Shepway,29UL,E07000112
,,,,,,-,,-,,-,,-,-,-,-,-,Shrewsbury and Atcham,39UE,
E08000029,695.0,700.0,700.0,725.0,700.0,-,695.0,-,700.0,-,715.0,-,-,-,-,-,Solihull,00CT,E08000029
,,,,,,-,,-,,-,,-,-,-,-,-,South Bedfordshire,09UE,
E07000006,1150.0,1200.0,1250.0,1200.0,1200.0,-,1100.0,-,1200.0,-,1150.0,-,-,-,-,-,South Bucks,11UE,E07000006
E07000012,750.0,750.0,750.0,795.0,795.0,-,795.0,-,795.0,-,800.0,-,-,-,-,-,South Cambridgeshire,12UG,E07000012
E07000039,545.0,525.0,550.0,550.0,540.0,-,535.0,-,550.0,-,525.0,-,-,-,-,-,South Derbyshire,17UK,E07000039
E07000044,600.0,600.0,625.0,625.0,628.0,-,650.0,-,650.0,-,650.0,-,-,-,-,-,South Hams,18UG,E07000044
E07000140,525.0,525.0,525.0,525.0,525.0,-,530.0,-,550.0,-,550.0,-,-,-,-,-,South Holland,32UF,E07000140
E07000141,525.0,533.0,550.0,550.0,550.0,-,560.0,-,550.0,-,550.0,-,-,-,-,-,South Kesteven,32UG,E07000141
E07000031,550.0,550.0,560.0,575.0,575.0,-,575.0,-,578.0,-,595.0,-,-,-,-,-,South Lakeland,16UG,E07000031
E07000149,550.0,550.0,550.0,550.0,560.0,-,580.0,-,575.0,-,575.0,-,-,-,-,-,South Norfolk,33UH,E07000149
E07000155,675.0,675.0,695.0,695.0,695.0,-,725.0,-,725.0,-,725.0,-,-,-,-,-,South Northamptonshire,34UG,E07000155
E07000179,815.0,825.0,825.0,800.0,850.0,-,850.0,-,800.0,-,825.0,-,-,-,-,-,South Oxfordshire,38UD,E07000179
E07000126,525.0,530.0,550.0,550.0,550.0,-,550.0,-,550.0,-,550.0,-,-,-,-,-,South Ribble,30UN,E07000126
,,,,,,-,,-,,-,,-,-,-,-,-,South Shropshire,39UF,
E07000189,575.0,570.0,575.0,575.0,565.0,-,575.0,-,585.0,-,575.0,-,-,-,-,-,South Somerset,40UD,E07000189
E07000196,550.0,575.0,595.0,595.0,595.0,-,575.0,-,595.0,-,595.0,-,-,-,-,-,South Staffordshire,41UF,E07000196
E08000023,475.0,475.0,475.0,475.0,475.0,-,475.0,-,455.0,-,450.0,-,-,-,-,-,South Tyneside,00CL,E08000023
E07000213,895.0,900.0,900.0,925.0,925.0,-,995.0,-,953.0,-,995.0,-,-,-,-,-,Spelthorne,43UH,E07000213
E08000013,465.0,475.0,460.0,450.0,460.0,-,475.0,-,475.0,-,450.0,-,-,-,-,-,St Helens,00BZ,E08000013
E07000240,892.0,750.0,1000.0,1000.0,1050.0,-,950.0,-,998.0,-,995.0,-,-,-,-,-,St. Albans,26UG,E07000240
E07000204,620.0,625.0,625.0,625.0,625.0,-,635.0,-,650.0,-,650.0,-,-,-,-,-,St. Edmundsbury,42UF,E07000204
E07000197,525.0,525.0,525.0,525.0,525.0,-,525.0,-,530.0,-,525.0,-,-,-,-,-,Stafford,41UG,E07000197
E07000198,450.0,450.0,450.0,450.0,450.0,-,450.0,-,450.0,-,475.0,-,-,-,-,-,Staffordshire Moorlands,41UH,E07000198
E07000243,695.0,695.0,700.0,698.0,743.0,-,695.0,-,725.0,-,750.0,-,-,-,-,-,Stevenage,26UH,E07000243
E08000007,550.0,550.0,550.0,550.0,575.0,-,595.0,-,595.0,-,595.0,-,-,-,-,-,Stockport,00BS,E08000007
E07000221,695.0,695.0,695.0,700.0,695.0,-,725.0,-,725.0,-,725.0,-,-,-,-,-,Stratford-on-Avon,44UE,E07000221
E07000082,595.0,600.0,600.0,600.0,600.0,-,623.0,-,600.0,-,600.0,-,-,-,-,-,Stroud,23UF,E07000082
E07000205,525.0,525.0,545.0,545.0,550.0,-,550.0,-,550.0,-,550.0,-,-,-,-,-,Suffolk Coastal,42UG,E07000205
E08000024,495.0,495.0,495.0,495.0,475.0,-,475.0,-,475.0,-,475.0,-,-,-,-,-,Sunderland,00CM,E08000024
E07000214,875.0,895.0,900.0,925.0,950.0,-,950.0,-,950.0,-,950.0,-,-,-,-,-,Surrey Heath,43UJ,E07000214
E07000113,635.0,640.0,625.0,634.0,630.0,-,625.0,-,650.0,-,650.0,-,-,-,-,-,Swale,29UM,E07000113
E08000008,485.0,494.0,490.0,495.0,490.0,-,495.0,-,495.0,-,495.0,-,-,-,-,-,Tameside,00BT,E08000008
E07000199,550.0,550.0,550.0,550.0,550.0,-,550.0,-,550.0,-,550.0,-,-,-,-,-,Tamworth,41UK,E07000199
E07000215,900.0,900.0,950.0,975.0,950.0,-,975.0,-,975.0,-,995.0,-,-,-,-,-,Tandridge,43UK,E07000215
E07000190,575.0,575.0,575.0,595.0,590.0,-,595.0,-,595.0,-,595.0,-,-,-,-,-,Taunton Deane,40UE,E07000190
,,,,,,-,,-,,-,,-,-,-,-,-,Teesdale,20UH,
E07000045,595.0,600.0,600.0,635.0,625.0,-,625.0,-,625.0,-,625.0,-,-,-,-,-,Teignbridge,18UH,E07000045
E07000076,600.0,600.0,600.0,600.0,600.0,-,600.0,-,600.0,-,600.0,-,-,-,-,-,Tendring,22UN,E07000076
E07000093,775.0,775.0,775.0,775.0,775.0,-,785.0,-,800.0,-,795.0,-,-,-,-,-,Test Valley,24UN,E07000093
E07000083,625.0,625.0,625.0,625.0,625.0,-,625.0,-,625.0,-,650.0,-,-,-,-,-,Tewkesbury,23UG,E07000083
E07000114,500.0,500.0,510.0,525.0,550.0,-,525.0,-,525.0,-,550.0,-,-,-,-,-,Thanet,29UN,E07000114
E07000102,1100.0,1000.0,1173.0,1096.0,1100.0,-,1100.0,-,1163.0,-,963.0,-,-,-,-,-,Three Rivers,26UJ,E07000102
E07000115,775.0,775.0,775.0,795.0,795.0,-,795.0,-,850.0,-,850.0,-,-,-,-,-,Tonbridge and Malling,29UP,E07000115
E07000046,525.0,525.0,550.0,550.0,550.0,-,550.0,-,550.0,-,550.0,-,-,-,-,-,Torridge,18UK,E07000046
E08000009,650.0,675.0,675.0,695.0,695.0,-,695.0,-,695.0,-,700.0,-,-,-,-,-,Trafford,00BU,E08000009
E07000116,780.0,795.0,755.0,795.0,795.0,-,800.0,-,800.0,-,825.0,-,-,-,-,-,Tunbridge Wells,29UQ,E07000116
,,,,,,-,,-,,-,,-,-,-,-,-,Tynedale,35UF,
E07000077,725.0,750.0,750.0,750.0,775.0,-,775.0,-,795.0,-,845.0,-,-,-,-,-,Uttlesford,22UQ,E07000077
E07000180,825.0,805.0,800.0,795.0,750.0,-,795.0,-,850.0,-,850.0,-,-,-,-,-,Vale of White Horse,38UE,E07000180
,,,,,,-,,-,,-,,-,-,-,-,-,Vale Royal,13UH,
E08000036,495.0,495.0,495.0,495.0,475.0,-,475.0,-,476.0,-,475.0,-,-,-,-,-,Wakefield,00DB,E08000036
E08000030,475.0,480.0,476.0,495.0,495.0,-,495.0,-,495.0,-,495.0,-,-,-,-,-,Walsall,00CU,E08000030
,,,,,,-,,-,,-,,-,-,-,-,-,Wansbeck,35UG,
E07000222,575.0,600.0,625.0,650.0,650.0,-,625.0,-,650.0,-,700.0,-,-,-,-,-,Warwick,44UF,E07000222
E07000103,850.0,850.0,875.0,900.0,885.0,-,850.0,-,925.0,-,900.0,-,-,-,-,-,Watford,26UK,E07000103
E07000206,495.0,495.0,495.0,498.0,500.0,-,498.0,-,498.0,-,500.0,-,-,-,-,-,Waveney,42UH,E07000206
E07000216,950.0,925.0,950.0,900.0,893.0,-,875.0,-,900.0,-,895.0,-,-,-,-,-,Waverley,43UL,E07000216
E07000065,750.0,750.0,750.0,750.0,750.0,-,795.0,-,795.0,-,800.0,-,-,-,-,-,Wealden,21UH,E07000065
,,,,,,-,,-,,-,,-,-,-,-,-,Wear Valley,20UJ,
E07000156,510.0,500.0,515.0,525.0,525.0,-,525.0,-,535.0,-,550.0,-,-,-,-,-,Wellingborough,34UH,E07000156
E07000241,800.0,845.0,850.0,795.0,835.0,-,850.0,-,975.0,-,975.0,-,-,-,-,-,Welwyn Hatfield,26UL,E07000241
E07000047,550.0,550.0,560.0,575.0,580.0,-,575.0,-,580.0,-,595.0,-,-,-,-,-,West Devon,18UL,E07000047
E07000052,650.0,650.0,650.0,650.0,650.0,-,675.0,-,675.0,-,675.0,-,-,-,-,-,West Dorset,19UH,E07000052
E07000127,520.0,525.0,525.0,525.0,535.0,-,550.0,-,550.0,-,550.0,-,-,-,-,-,West Lancashire,30UP,E07000127
E07000142,450.0,435.0,450.0,450.0,450.0,-,440.0,-,460.0,-,450.0,-,-,-,-,-,West Lindsey,32UH,E07000142
E07000181,800.0,800.0,850.0,825.0,800.0,-,795.0,-,800.0,-,845.0,-,-,-,-,-,West Oxfordshire,38UF,E07000181
E07000191,575.0,580.0,595.0,595.0,595.0,-,595.0,-,595.0,-,595.0,-,-,-,-,-,West Somerset,40UF,E07000191
,,,,,,-,,-,,-,,-,-,-,-,-,West Wiltshire,46UF,
E07000053,600.0,595.0,600.0,575.0,550.0,-,595.0,-,600.0,-,610.0,-,-,-,-,-,Weymouth and Portland,19UJ,E07000053
E08000010,450.0,450.0,450.0,450.0,450.0,-,450.0,-,450.0,-,450.0,-,-,-,-,-,Wigan,00BW,E08000010
E07000094,878.0,895.0,875.0,895.0,900.0,-,925.0,-,915.0,-,895.0,-,-,-,-,-,Winchester,24UP,E07000094
E08000015,525.0,525.0,520.0,525.0,525.0,-,525.0,-,525.0,-,525.0,-,-,-,-,-,Wirral,00CB,E08000015
E07000217,995.0,1000.0,1050.0,1075.0,1050.0,-,995.0,-,995.0,-,995.0,-,-,-,-,-,Woking,43UM,E07000217
E08000031,479.0,495.0,495.0,495.0,495.0,-,495.0,-,495.0,-,495.0,-,-,-,-,-,Wolverhampton,00CW,E08000031
E07000237,550.0,550.0,550.0,550.0,565.0,-,565.0,-,560.0,-,575.0,-,-,-,-,-,Worcester,47UE,E07000237
E07000229,625.0,625.0,650.0,650.0,625.0,-,635.0,-,650.0,-,675.0,-,-,-,-,-,Worthing,45UH,E07000229
E07000238,598.0,595.0,600.0,625.0,620.0,-,625.0,-,650.0,-,650.0,-,-,-,-,-,Wychavon,47UF,E07000238
E07000007,775.0,800.0,800.0,825.0,850.0,-,850.0,-,850.0,-,850.0,-,-,-,-,-,Wycombe,11UF,E07000007
E07000128,542.0,542.0,542.0,542.0,550.0,-,550.0,-,542.0,-,542.0,-,-,-,-,-,Wyre,30UQ,E07000128
E07000239,525.0,525.0,525.0,525.0,525.0,-,525.0,-,525.0,-,525.0,-,-,-,-,-,Wyre Forest,47UG,E07000239
