"date","geography","geography code","Rural Urban","Ethnic Group: All usual residents; measures: Value","Ethnic Group: White; measures: Value","Ethnic Group: White: English/Welsh/Scottish/Northern Irish/British; measures: Value","Ethnic Group: White: Irish; measures: Value","Ethnic Group: White: Gypsy or Irish Traveller; measures: Value","Ethnic Group: White: Other White; measures: Value","Ethnic Group: Mixed/multiple ethnic groups; measures: Value","Ethnic Group: Mixed/multiple ethnic groups: White and Black Caribbean; measures: Value","Ethnic Group: Mixed/multiple ethnic groups: White and Black African; measures: Value","Ethnic Group: Mixed/multiple ethnic groups: White and Asian; measures: Value","Ethnic Group: Mixed/multiple ethnic groups: Other Mixed; measures: Value","Ethnic Group: Asian/Asian British; measures: Value","Ethnic Group: Asian/Asian British: Indian; measures: Value","Ethnic Group: Asian/Asian British: Pakistani; measures: Value","Ethnic Group: Asian/Asian British: Bangladeshi; measures: Value","Ethnic Group: Asian/Asian British: Chinese; measures: Value","Ethnic Group: Asian/Asian British: Other Asian; measures: Value","Ethnic Group: Black/African/Caribbean/Black British; measures: Value","Ethnic Group: Black/African/Caribbean/Black British: African; measures: Value","Ethnic Group: Black/African/Caribbean/Black British: Caribbean; measures: Value","Ethnic Group: Black/African/Caribbean/Black British: Other Black; measures: Value","Ethnic Group: Other ethnic group; measures: Value","Ethnic Group: Other ethnic group: Arab; measures: Value","Ethnic Group: Other ethnic group: Any other ethnic group; measures: Value"
"2011","Darlington","E06000005","Total",105564,101595,98898,328,350,2019,1146,463,97,350,236,2205,726,145,523,349,462,357,206,105,46,261,112,149
"2011","County Durham","E06000047","Total",513242,503769,495664,1229,467,6409,3094,969,321,1093,711,4856,1368,463,241,1598,1186,701,447,158,96,822,459,363
"2011","Hartlepool","E06000001","Total",92028,89899,88924,193,40,742,550,180,54,173,143,1304,266,291,214,229,304,170,129,36,5,105,57,48
"2011","Middlesbrough","E06000002","Total",138412,122055,119106,574,85,2290,2362,541,452,904,465,10768,1477,6811,244,904,1332,1731,1470,92,169,1496,950,546
"2011","Northumberland","E06000048","Total",316028,311066,307097,833,156,2980,1692,515,230,624,323,2658,939,351,295,452,621,338,193,114,31,274,73,201
"2011","Redcar and Cleveland","E06000003","Total",135177,133203,131928,415,85,775,853,298,107,273,175,869,91,295,94,155,234,122,80,34,8,130,37,93
"2011","Stockton-on-Tees","E06000004","Total",191610,181299,178965,536,143,1655,1997,419,316,823,439,6632,1488,3072,132,866,1074,1133,936,84,113,549,236,313
"2011","Gateshead","E08000020","Total",200214,192742,188355,592,87,3708,1558,412,260,523,363,3738,916,617,242,1054,909,1081,903,90,88,1095,289,806
"2011","Newcastle upon Tyne","E08000021","Total",280177,239533,229520,1826,163,8024,4279,830,859,1609,981,27107,5072,6364,4692,6037,4942,5160,4664,217,279,4098,2602,1496
"2011","North Tyneside","E08000022","Total",200801,194025,190936,596,29,2464,1815,448,385,602,380,3815,1095,319,686,869,846,734,576,91,67,412,177,235
"2011","South Tyneside","E08000023","Total",148127,142099,140821,305,9,964,1325,324,229,440,332,3311,643,434,1534,235,465,420,316,61,43,972,566,406
"2011","Sunderland","E08000024","Total",275506,264282,261209,608,70,2395,1778,539,239,608,392,7336,1736,669,2075,1536,1320,1273,1062,111,100,837,292,545
"2011","Blackburn with Darwen","E06000008","Total",147489,102009,98144,794,161,2910,1823,315,162,989,357,41494,19791,17801,1525,721,1656,933,614,202,117,1230,585,645
"2011","Blackpool","E06000009","Total",142065,137339,133042,1029,237,3031,1753,690,264,448,351,2282,627,223,231,514,687,346,183,111,52,345,170,175
"2011","Cheshire East","E06000049","Total",370127,357940,346264,2241,313,9122,3873,1341,461,1293,778,6060,2147,856,504,1125,1428,1402,664,511,227,852,338,514
"2011","Cheshire West and Chester","E06000050","Total",329608,321025,312013,2337,213,6462,3050,889,411,1059,691,4097,1242,336,576,935,1008,908,586,196,126,528,199,329
"2011","Halton","E06000006","Total",125746,123041,121210,654,41,1136,1356,465,253,330,308,943,282,44,60,308,249,260,95,134,31,146,54,92
"2011","Warrington","E06000007","Total",202228,193992,187968,1357,66,4601,2144,654,357,663,470,4911,1803,1179,152,849,928,694,389,214,91,487,237,250
"2011","Allerdale","E07000026","Total",96422,95385,94085,241,14,1045,426,134,39,179,74,477,81,34,91,123,148,73,43,20,10,61,2,59
"2011","Barrow-in-Furness","E07000027","Total",69087,67940,67073,222,39,606,360,117,45,109,89,633,137,47,43,183,223,70,56,7,7,84,35,49
"2011","Carlisle","E07000028","Total",107524,105480,102189,405,196,2690,535,152,91,162,130,1248,273,109,180,337,349,147,107,19,21,114,52,62
"2011","Copeland","E07000029","Total",70603,69491,68679,190,15,607,339,117,37,109,76,629,137,79,70,164,179,84,52,21,11,60,12,48
"2011","Eden","E07000030","Total",52564,51999,51009,139,15,836,211,66,11,89,45,292,77,7,49,79,80,22,9,7,6,40,17,23
"2011","South Lakeland","E07000031","Total",103658,101962,99089,355,36,2482,633,165,91,233,144,787,187,40,53,267,240,183,106,67,10,93,35,58
"2011","Bolton","E08000001","Total",276786,226645,219794,1694,214,4943,4892,1576,678,1826,812,38749,21665,12026,614,1423,3021,4652,3451,608,593,1848,727,1121
"2011","Bury","E08000002","Total",185060,165032,157897,2357,72,4706,3365,1307,444,1005,609,13407,1387,9002,311,1100,1607,1893,1116,593,184,1363,465,898
"2011","Manchester","E08000003","Total",503127,335109,298237,11843,509,24520,23161,8877,4397,4791,5096,85986,11417,42904,6437,13539,11689,43484,25718,9642,8124,15387,9503,5884
"2011","Oldham","E08000004","Total",224897,174326,169955,1484,62,2825,4057,1950,440,1131,536,43165,1555,22686,16310,726,1888,2797,1640,839,318,552,154,398
"2011","Rochdale","E08000005","Total",211699,172874,166481,2131,186,4076,3569,1057,601,1348,563,31630,1105,22265,4342,948,2970,2770,2131,285,354,856,308,548
"2011","Salford","E08000006","Total",233933,210862,197445,2882,193,10342,4616,1647,1058,929,982,9429,2553,1843,605,2547,1881,6541,5354,666,521,2485,1425,1060
"2011","Stockport","E08000007","Total",283275,260819,252044,3938,58,4779,5104,1734,775,1460,1135,13762,2786,6673,705,1722,1876,1958,976,745,237,1632,727,905
"2011","Tameside","E08000008","Total",219324,199429,194115,1613,38,3663,3159,1310,506,849,494,14553,3668,4910,4296,951,728,1784,1188,371,225,399,154,245
"2011","Trafford","E08000009","Total",226578,193834,182200,5098,40,6496,6031,2658,669,1535,1169,17973,6306,7027,457,2232,1951,6540,1807,3802,931,2200,1259,941
"2011","Wigan","E08000010","Total",317849,309193,303519,1459,151,4064,2756,1015,429,783,529,3519,1019,676,109,891,824,1678,1310,216,152,703,304,399
"2011","Burnley","E07000117","Total",87059,76054,74464,527,10,1053,976,228,90,476,182,9578,321,5924,2425,222,686,211,76,120,15,240,55,185
"2011","Chorley","E07000118","Total",107155,103833,101892,567,57,1317,1016,463,104,273,176,1710,612,525,105,236,232,401,115,240,46,195,113,82
"2011","Fylde","E07000119","Total",75757,73844,72021,488,15,1320,742,251,87,233,171,845,297,118,25,209,196,163,63,54,46,163,67,96
"2011","Hyndburn","E07000120","Total",80734,70778,68834,436,97,1411,696,186,39,336,135,9007,279,7548,402,268,510,106,52,45,9,147,91,56
"2011","Lancaster","E07000121","Total",138375,132342,126624,840,331,4547,1356,373,179,480,324,3732,1212,413,309,1231,567,628,472,109,47,317,164,153
"2011","Pendle","E07000122","Total",89452,71437,69074,462,26,1875,946,139,65,599,143,16807,236,15320,383,281,587,126,67,51,8,136,52,84
"2011","Preston","E07000123","Total",140202,112415,106242,1178,111,4884,3326,1627,300,931,468,21732,14421,4425,375,1235,1276,1676,661,865,150,1053,626,427
"2011","Ribble Valley","E07000124","Total",57132,55904,54757,332,6,809,360,93,33,163,71,729,204,295,32,109,89,92,65,12,15,47,9,38
"2011","Rossendale","E07000125","Total",67982,63778,62516,541,47,674,602,199,64,218,121,3396,186,1139,1638,233,200,123,49,63,11,83,37,46
"2011","South Ribble","E07000126","Total",109057,105847,103890,680,17,1260,1174,514,99,388,173,1612,798,241,26,282,265,268,78,149,41,156,65,91
"2011","West Lancashire","E07000127","Total",110685,108603,105775,584,8,2236,866,266,140,248,212,913,411,85,13,190,214,174,115,48,11,129,63,66
"2011","Wyre","E07000128","Total",107749,105852,104251,490,96,1015,664,234,79,226,125,993,235,70,78,315,295,130,78,33,19,110,45,65
"2011","Knowsley","E08000011","Total",145893,141858,140135,747,6,970,1913,683,517,375,338,1403,467,81,10,446,399,505,297,127,81,214,98,116
"2011","Liverpool","E08000012","Total",466415,414671,395485,6729,185,12272,11756,3473,3164,2283,2836,19403,4915,1999,1075,7978,3436,12308,8490,1467,2351,8277,5629,2648
"2011","Sefton","E08000014","Total",273790,266741,259629,2312,120,4680,2820,830,488,760,742,2719,666,127,308,965,653,796,464,223,109,714,327,387
"2011","St. Helens","E08000013","Total",175308,171877,169346,887,69,1575,1179,445,167,271,296,1764,504,133,122,512,493,248,152,60,36,240,117,123
"2011","Wirral","E08000015","Total",319783,310156,303682,2667,77,3730,3286,964,558,949,815,5116,1344,226,851,1653,1042,695,389,189,117,530,208,322
"2011","East Riding of Yorkshire","E06000011","Total",334179,327789,321309,908,227,5345,2301,683,367,785,466,2961,1081,396,69,660,755,598,355,175,68,530,289,241
"2011","Kingston upon Hull, City of","E06000010","Total",256406,241321,229920,550,284,10567,3454,871,821,945,817,6471,1086,882,755,2124,1624,2996,2472,236,288,2164,1134,1030
"2011","North East Lincolnshire","E06000012","Total",159616,155421,152240,414,26,2741,1186,381,161,369,275,2129,513,195,268,605,548,411,306,71,34,469,265,204
"2011","North Lincolnshire","E06000013","Total",167446,160748,154526,727,90,5405,1244,341,166,451,286,4549,1122,862,1443,530,592,494,365,64,65,411,173,238
"2011","York","E06000014","Total",198051,186731,178613,1103,269,6746,2413,529,305,873,706,6740,1531,417,370,2449,1973,1194,903,205,86,973,498,475
"2011","Craven","E07000163","Total",55409,53964,52842,215,54,853,375,94,59,141,81,970,156,474,39,118,183,61,48,8,5,39,25,14
"2011","Hambleton","E07000164","Total",89140,87635,85867,306,132,1330,593,157,59,246,131,600,220,84,30,126,140,188,98,44,46,124,46,78
"2011","Harrogate","E07000165","Total",157869,152075,144717,771,107,6480,1776,411,265,626,474,2409,587,118,68,869,767,1147,624,148,375,462,129,333
"2011","Richmondshire","E07000166","Total",51965,49556,48516,200,19,821,502,155,74,108,165,1247,75,27,20,78,1047,496,245,80,171,164,15,149
"2011","Ryedale","E07000167","Total",51751,51064,49802,262,81,919,302,80,46,105,71,273,35,5,7,85,141,80,67,8,5,32,10,22
"2011","Scarborough","E07000168","Total",108793,106104,103625,301,37,2141,869,228,109,324,208,1364,383,169,109,287,416,240,176,51,13,216,123,93
"2011","Selby","E07000169","Total",83449,82077,79686,326,158,1907,626,190,50,271,115,493,175,17,2,170,129,212,170,33,9,41,9,32
"2011","Barnsley","E08000016","Total",231221,226285,222164,567,163,3391,1630,644,178,434,374,1661,442,211,60,440,508,1221,995,149,77,424,168,256
"2011","Doncaster","E08000017","Total",302402,288066,277740,1183,587,8556,3321,1413,440,877,591,7614,1865,2728,117,1121,1783,2337,1309,778,250,1064,231,833
"2011","Rotherham","E08000018","Total",257280,240758,236438,776,126,3418,2551,787,301,865,598,10551,961,7609,109,592,1280,2112,1672,283,157,1308,581,727
"2011","Sheffield","E08000019","Total",552698,462544,446837,2891,358,12458,13289,5450,1296,3490,3053,44385,5868,21990,3326,7398,5803,20082,11543,5506,3033,12398,8432,3966
"2011","Bradford","E08000032","Total",522452,352317,333628,2541,433,15715,12979,4663,875,5677,1764,140149,13555,106614,9863,2086,8031,9267,4993,3581,693,7740,3714,4026
"2011","Calderdale","E08000033","Total",203826,182787,176732,1795,80,4180,2797,1097,247,907,546,16875,1130,13904,574,459,808,899,479,320,100,468,111,357
"2011","Kirklees","E08000034","Total",422458,334270,323890,2635,158,7587,9790,5167,641,2714,1268,67782,20797,41802,731,1452,3000,7905,2364,4626,915,2711,1214,1497
"2011","Leeds","E08000035","Total",751485,639487,609714,7031,687,22055,19632,8813,2493,4906,3420,58243,16130,22492,4432,5933,9256,25893,14894,6728,4271,8230,3791,4439
"2011","Wakefield","E08000036","Total",325837,310957,302331,908,302,7416,2928,1087,368,894,579,8498,1540,4896,32,853,1177,2512,1955,326,231,942,382,560
"2011","Derby","E06000015","Total",248752,199751,187386,2319,295,9751,7232,3916,533,1772,1011,31095,10907,14620,658,1292,3618,7320,3156,3405,759,3354,861,2493
"2011","Leicester","E06000016","Total",329839,166636,148629,2524,417,15066,11580,4691,1161,3388,2340,122470,93335,8067,3642,4245,13181,20585,12480,4790,3315,8568,3311,5257
"2011","Nottingham","E06000018","Total",305680,218698,199990,2819,326,15563,20265,12166,2004,3304,2791,40039,9901,16771,1049,5988,6330,22185,9877,9382,2926,4493,2372,2121
"2011","Rutland","E06000017","Total",37369,36301,35241,217,58,785,389,123,23,141,102,365,113,38,7,125,82,251,116,107,28,63,5,58
"2011","Amber Valley","E07000032","Total",122309,120023,117988,428,44,1563,980,438,93,282,167,929,416,80,11,201,221,253,120,106,27,124,27,97
"2011","Bolsover","E07000033","Total",75866,74452,73058,199,66,1129,518,248,63,136,71,612,207,56,6,166,177,267,175,51,41,17,2,15
"2011","Chesterfield","E07000034","Total",103788,100172,98456,386,5,1325,1094,532,97,287,178,1592,487,334,141,367,263,782,433,271,78,148,60,88
"2011","Derbyshire Dales","E07000035","Total",71116,70117,68835,321,15,946,466,130,58,173,105,398,97,84,4,95,118,87,33,36,18,48,10,38
"2011","Erewash","E07000036","Total",112081,108765,106673,574,29,1489,1269,734,72,276,187,1383,778,89,21,266,229,536,125,337,74,128,34,94
"2011","High Peak","E07000037","Total",90892,88954,87131,596,10,1217,944,348,113,284,199,711,148,78,10,228,247,184,87,82,15,99,33,66
"2011","North East Derbyshire","E07000038","Total",99023,97084,95968,264,70,782,786,315,103,250,118,795,350,79,32,187,147,236,156,65,15,122,40,82
"2011","South Derbyshire","E07000039","Total",94611,90527,88925,386,72,1144,1062,428,79,365,190,2375,1649,179,4,217,326,425,174,205,46,222,45,177
"2011","Blaby","E07000129","Total",93915,85451,83161,545,101,1644,1505,645,108,486,266,5718,4399,281,18,435,585,900,371,398,131,341,96,245
"2011","Charnwood","E07000130","Total",166100,145114,139978,989,74,4073,2577,815,244,1045,473,16138,10225,428,2022,1943,1520,1327,875,339,113,944,442,502
"2011","Harborough","E07000131","Total",85382,81316,79242,486,61,1527,971,308,92,384,187,2563,1849,132,44,226,312,327,179,111,37,205,35,170
"2011","Hinckley and Bosworth","E07000132","Total",105078,101369,99440,451,86,1392,1027,364,81,390,192,2246,1390,158,81,269,348,262,133,110,19,174,74,100
"2011","Melton","E07000133","Total",50376,49319,47861,264,3,1191,414,151,45,142,76,518,277,4,0,103,134,95,39,38,18,30,3,27
"2011","North West Leicestershire","E07000134","Total",93468,91187,89116,406,77,1588,881,358,59,322,142,1074,520,16,20,198,320,205,91,78,36,121,25,96
"2011","Oadby and Wigston","E07000135","Total",56170,41011,39634,387,9,981,1176,383,85,493,215,12520,9938,1080,128,328,1046,671,302,305,64,792,191,601
"2011","Boston","E07000136","Total",64637,62592,54221,208,63,8100,664,171,114,167,212,928,374,148,72,130,204,278,174,57,47,175,63,112
"2011","East Lindsey","E07000137","Total",136401,134314,131717,490,61,2046,937,414,87,261,175,789,231,63,100,198,197,264,160,75,29,97,40,57
"2011","Lincoln","E07000138","Total",93541,89379,83653,719,80,4927,1230,367,189,372,302,1794,522,139,139,452,542,778,504,165,109,360,175,185
"2011","North Kesteven","E07000139","Total",107766,105835,103343,512,74,1906,791,242,91,256,202,750,217,29,68,215,221,251,108,101,42,139,43,96
"2011","South Holland","E07000140","Total",88270,86370,79569,282,100,6419,796,247,138,233,178,747,251,48,54,176,218,257,137,72,48,100,13,87
"2011","South Kesteven","E07000141","Total",133788,130394,125261,656,78,4399,1142,410,138,304,290,1580,509,93,63,436,479,509,330,117,62,163,48,115
"2011","West Lindsey","E07000142","Total",89250,87600,85977,411,161,1051,630,222,58,205,145,728,370,64,0,130,164,224,127,74,23,68,38,30
"2011","Corby","E07000150","Total",61255,58519,52069,855,28,5567,836,271,127,215,223,782,348,34,138,96,166,1008,778,130,100,110,24,86
"2011","Daventry","E07000151","Total",77843,75123,72448,509,54,2112,971,381,98,302,190,1183,551,172,55,151,254,481,213,211,57,85,7,78
"2011","East Northamptonshire","E07000152","Total",86765,83842,81083,583,46,2130,1052,381,123,288,260,1096,530,62,12,244,248,630,352,204,74,145,33,112
"2011","Kettering","E07000153","Total",93475,87740,83450,641,150,3499,1313,416,206,404,287,3023,1818,149,102,327,627,991,682,208,101,408,148,260
"2011","Northampton","E07000154","Total",212069,179238,162353,2911,149,13825,6849,3149,1012,1286,1402,13751,5328,1536,3367,1705,1815,10741,6473,2946,1322,1490,543,947
"2011","South Northamptonshire","E07000155","Total",85189,82572,80123,591,11,1847,1003,289,131,359,224,1129,592,81,52,149,255,376,151,141,84,109,29,80
"2011","Wellingborough","E07000156","Total",75356,65788,61229,614,89,3856,2158,1177,228,397,356,4463,3097,278,538,174,376,2696,903,1414,379,251,61,190
"2011","Ashfield","E07000170","Total",119497,116733,114744,348,43,1598,1059,556,88,229,186,1099,396,97,62,232,312,472,195,209,68,134,25,109
"2011","Bassetlaw","E07000171","Total",112863,109892,106663,381,94,2754,996,454,85,228,229,1255,440,287,74,180,274,520,221,239,60,200,52,148
"2011","Broxtowe","E07000172","Total",109487,101538,98001,615,9,2913,1827,866,151,486,324,4503,1754,775,92,1135,747,933,448,405,80,686,436,250
"2011","Gedling","E07000173","Total",113543,105656,102551,891,32,2182,2619,1500,240,521,358,3343,1366,962,67,411,537,1653,370,1118,165,272,68,204
"2011","Mansfield","E07000174","Total",104466,101522,97408,447,2,3665,1106,571,105,224,206,1289,521,132,192,206,238,398,152,192,54,151,42,109
"2011","Newark and Sherwood","E07000175","Total",114817,111958,108208,641,253,2856,1160,491,133,308,228,1036,366,145,73,220,232,499,166,270,63,164,39,125
"2011","Rushcliffe","E07000176","Total",111129,103504,100363,810,23,2308,1949,736,159,723,331,4614,2361,1072,40,558,583,627,202,349,76,435,153,282
"2011","Herefordshire, County of","E06000019","Total",183477,180169,171922,709,363,7175,1270,407,146,415,302,1439,490,80,32,277,560,331,160,103,68,268,105,163
"2011","Shropshire","E06000051","Total",306129,299874,292047,1410,312,6105,2168,765,231,669,503,3089,752,216,208,1020,893,580,302,164,114,418,179,239
"2011","Stoke-on-Trent","E06000021","Total",249008,220712,215222,636,183,4671,4491,1892,559,1347,693,18442,2329,10429,1097,1224,3363,3741,2536,834,371,1622,408,1214
"2011","Telford and Wrekin","E06000020","Total",166641,154415,149096,729,166,4424,2983,1423,278,799,483,6991,3076,2243,162,647,863,1779,1023,607,149,473,86,387
"2011","Cannock Chase","E07000192","Total",97462,95256,94042,350,8,856,867,458,51,214,144,982,406,110,48,227,191,280,98,147,35,77,10,67
"2011","East Staffordshire","E07000193","Total",113583,102704,97854,542,72,4236,1619,800,92,451,276,7864,916,5598,157,331,862,1023,333,500,190,373,91,282
"2011","Lichfield","E07000194","Total",100654,97399,95263,598,13,1525,1034,482,99,281,172,1623,877,157,107,225,257,481,113,298,70,117,10,107
"2011","Newcastle-under-Lyme","E07000195","Total",123871,117662,115510,364,49,1739,1490,565,156,468,301,3512,937,485,154,978,958,828,515,236,77,379,136,243
"2011","South Staffordshire","E07000196","Total",108131,103700,102339,469,128,764,1495,796,40,479,180,2122,1435,170,17,204,296,578,142,371,65,236,44,192
"2011","Stafford","E07000197","Total",130869,124308,121160,770,119,2259,1694,819,126,439,310,3288,1359,369,128,503,929,1107,391,582,134,472,229,243
"2011","Staffordshire Moorlands","E07000198","Total",97106,95825,94657,256,35,877,602,238,52,179,133,502,136,87,2,108,169,120,52,60,8,57,19,38
"2011","Tamworth","E07000199","Total",76813,74761,72984,504,9,1264,803,414,59,197,133,763,386,47,38,150,142,393,91,252,50,93,30,63
"2011","North Warwickshire","E07000218","Total",62014,60709,59499,458,45,707,506,269,39,116,82,580,360,35,11,67,107,172,30,124,18,47,7,40
"2011","Nuneaton and Bedworth","E07000219","Total",125252,114392,111379,697,75,2241,1396,664,110,409,213,7880,5705,527,51,304,1293,1047,555,351,141,537,76,461
"2011","Rugby","E07000220","Total",100075,90565,84210,1025,160,5170,1986,879,210,563,334,5225,3061,612,140,432,980,1987,1002,754,231,312,102,210
"2011","Stratford-on-Avon","E07000221","Total",120485,117307,112780,890,173,3464,1258,417,106,448,287,1466,564,74,13,391,424,264,112,115,37,190,51,139
"2011","Warwick","E07000222","Total",137648,122715,114739,2146,41,5789,2803,861,233,1070,639,9945,6745,480,69,1155,1496,973,474,389,110,1212,231,981
"2011","Birmingham","E08000025","Total",1073045,621636,570217,22021,408,28990,47605,24720,3223,11186,8476,285640,64621,144627,32532,12712,31148,96360,29991,47641,18728,21804,10910,10894
"2011","Coventry","E08000026","Total",316960,234029,211188,7305,151,15385,8230,3672,943,2388,1227,51598,27751,9510,2951,3728,7658,17764,12836,3317,1611,5339,2020,3319
"2011","Dudley","E08000027","Total",312925,281607,277050,1170,352,3035,5758,3477,250,1277,754,18942,5737,10339,397,876,1593,4671,1402,2658,611,1947,1259,688
"2011","Sandwell","E08000028","Total",308063,215471,202822,2045,141,10463,10199,6163,515,2043,1478,59258,31400,13952,6588,839,6479,18357,4396,11382,2579,4778,901,3877
"2011","Solihull","E08000029","Total",206674,184244,177248,3935,70,2991,4404,2395,247,1156,606,13561,7098,3413,633,906,1511,3239,852,1930,457,1226,358,868
"2011","Walsall","E08000030","Total",269323,212469,207238,1181,287,3763,7224,4312,321,1754,837,41022,16502,14289,5194,993,4044,6369,1999,3197,1173,2239,222,2017
"2011","Wolverhampton","E08000031","Total",249470,169682,160945,1526,209,7002,12784,8495,554,2160,1575,44960,32162,4415,432,1376,6575,17309,4081,9507,3721,4735,359,4376
"2011","Bromsgrove","E07000234","Total",93637,89696,87640,904,75,1077,1396,631,82,446,237,1925,1078,221,39,309,278,444,110,267,67,176,53,123
"2011","Malvern Hills","E07000235","Total",74631,72841,71019,366,131,1325,639,192,78,235,134,902,268,43,30,336,225,151,95,41,15,98,11,87
"2011","Redditch","E07000236","Total",84214,77497,73591,629,9,3268,1655,1053,75,317,210,4029,720,2580,192,209,328,862,160,558,144,171,54,117
"2011","Worcester","E07000237","Total",98768,92294,88016,583,113,3582,1395,474,199,439,283,4366,806,1923,449,391,797,473,226,186,61,240,61,179
"2011","Wychavon","E07000238","Total",116944,114457,109834,539,462,3622,962,339,83,341,199,1129,463,84,94,188,300,228,91,118,19,168,43,125
"2011","Wyre Forest","E07000239","Total",97975,95273,92822,459,375,1617,998,461,75,275,187,1390,299,133,512,168,278,214,85,105,24,100,14,86
"2011","Bedford","E06000055","Total",157479,126846,112588,1683,115,12460,5386,2396,587,1366,1037,17932,8122,3270,3225,905,2410,6202,2741,2843,618,1113,331,782
"2011","Central Bedfordshire","E06000056","Total",254381,238722,228053,3149,478,7042,4789,1787,522,1474,1006,6402,2533,442,214,1404,1809,3614,2054,1230,330,854,357,497
"2011","Luton","E06000032","Total",203201,111079,90530,6126,198,14225,8281,3831,915,1805,1730,60952,10625,29353,13606,1497,5871,19909,9169,8177,2563,2980,1646,1334
"2011","Peterborough","E06000031","Total",183631,151544,130232,1257,560,19495,4948,1542,827,1384,1195,21492,4636,12078,229,872,3677,4164,2480,1174,510,1483,428,1055
"2011","Southend-on-Sea","E06000033","Total",173658,159023,151136,1496,162,6229,3651,1039,741,977,894,6440,1810,1059,933,1084,1554,3647,2728,524,395,897,297,600
"2011","Thurrock","E06000034","Total",157705,135429,127587,1108,308,6426,3099,1056,670,683,690,5927,2234,534,682,828,1649,12323,9742,1336,1245,927,254,673
"2011","Cambridge","E07000008","Total",123867,102205,81742,1767,109,18587,3944,728,470,1501,1245,13618,3413,742,1849,4454,3160,2097,1300,598,199,2003,908,1095
"2011","East Cambridgeshire","E07000009","Total",83818,80673,75218,527,239,4689,1182,230,185,370,397,1215,316,103,80,290,426,506,288,95,123,242,66,176
"2011","Fenland","E07000010","Total",95262,92631,86151,390,467,5623,901,293,104,264,240,1075,372,65,65,215,358,497,216,186,95,158,11,147
"2011","Huntingdonshire","E07000011","Total",169508,160691,151694,1130,208,7659,2530,707,356,769,698,4190,1119,998,351,575,1147,1642,862,427,353,455,132,323
"2011","South Cambridgeshire","E07000012","Total",148755,138787,129812,1094,485,7396,2524,552,270,991,711,5540,2210,465,217,1189,1459,1268,760,341,167,636,253,383
"2011","Basildon","E07000066","Total",174497,161677,156215,1313,873,3276,2887,1131,461,668,627,4766,2089,436,322,584,1335,4685,3339,931,415,482,112,370
"2011","Braintree","E07000067","Total",147084,142087,137010,1051,132,3894,1837,554,221,596,466,1998,625,122,190,335,726,913,540,286,87,249,65,184
"2011","Brentwood","E07000068","Total",73601,68868,65688,921,121,2138,1196,343,138,444,271,2350,939,113,172,377,749,896,542,230,124,291,105,186
"2011","Castle Point","E07000069","Total",88011,85273,83943,527,17,786,911,346,104,264,197,1012,378,67,87,220,260,661,327,203,131,154,31,123
"2011","Chelmsford","E07000070","Total",168310,157983,151990,1450,212,4331,2646,854,342,844,606,4962,1911,673,466,826,1086,2051,1420,429,202,668,318,350
"2011","Colchester","E07000071","Total",173074,159306,151453,1155,79,6619,3152,889,469,929,865,6355,1426,366,385,1690,2488,2575,1803,528,244,1686,978,708
"2011","Epping Forest","E07000072","Total",124659,112869,106233,1427,176,5033,2649,881,267,808,693,5922,3041,933,265,598,1085,2404,1186,958,260,815,151,664
"2011","Harlow","E07000073","Total",81944,72999,68715,875,117,3292,1752,654,308,389,401,3733,1061,629,392,830,821,3090,2256,542,292,370,147,223
"2011","Maldon","E07000074","Total",61629,60429,59011,358,201,859,506,152,56,174,124,484,117,7,90,104,166,150,59,61,30,60,8,52
"2011","Rochford","E07000075","Total",83287,80937,79628,468,49,792,905,296,127,304,178,881,262,42,81,228,268,433,235,95,103,131,40,91
"2011","Tendring","E07000076","Total",138048,134667,131666,998,62,1941,1467,595,176,371,325,1275,323,34,111,367,440,434,239,134,61,205,47,158
"2011","Uttlesford","E07000077","Total",79443,76761,73325,622,122,2692,977,241,132,382,222,1122,284,40,186,202,410,417,197,159,61,166,40,126
"2011","Broxbourne","E07000095","Total",93609,84530,75656,1308,147,7419,2141,787,246,500,608,2190,799,145,158,326,762,3957,2246,1307,404,791,135,656
"2011","Dacorum","E07000096","Total",144847,131537,124537,1821,231,4948,3075,983,393,978,721,6770,2347,2007,287,784,1345,2990,1982,740,268,475,165,310
"2011","East Hertfordshire","E07000097","Total",137687,131456,124266,1566,57,5567,2214,622,210,854,528,2681,999,213,282,516,671,984,590,300,94,352,134,218
"2011","Hertsmere","E07000098","Total",100031,85063,75750,2130,154,7029,2619,678,385,862,694,7393,3723,454,232,918,2066,3927,2990,558,379,1029,200,829
"2011","North Hertfordshire","E07000099","Total",127114,113755,107889,1398,33,4435,3376,1481,309,912,674,6821,3464,424,495,808,1630,2491,859,1344,288,671,146,525
"2011","St Albans","E07000100","Total",140664,124380,114145,2514,165,7556,3904,1019,397,1491,997,9011,2210,1149,2633,1149,1870,2388,1203,911,274,981,459,522
"2011","Stevenage","E07000101","Total",83957,73598,69781,1002,67,2748,2265,964,292,573,436,4848,1626,489,536,635,1562,2836,1915,678,243,410,132,278
"2011","Three Rivers","E07000102","Total",87317,75294,69550,1747,79,3918,2002,516,181,775,530,7993,5231,605,158,590,1409,1610,864,598,148,418,128,290
"2011","Watford","E07000103","Total",90301,64946,55875,2063,61,6947,3104,990,412,939,763,16170,4923,6082,362,822,3981,5229,3142,1558,529,852,294,558
"2011","Welwyn Hatfield","E07000104","Total",110535,92936,84557,1711,155,6513,2797,859,425,819,694,8704,3526,734,465,1914,2065,4989,3931,719,339,1109,566,543
"2011","Breckland","E07000143","Total",130491,127116,119033,593,204,7286,1562,379,313,388,482,1040,295,81,101,202,361,596,211,225,160,177,9,168
"2011","Broadland","E07000144","Total",124646,121795,119582,406,44,1763,1064,267,165,389,243,1265,405,45,96,286,433,331,228,63,40,191,80,111
"2011","Great Yarmouth","E07000145","Total",97277,94215,90280,390,63,3482,1159,294,277,331,257,1204,446,116,18,189,435,439,285,86,68,260,77,183
"2011","King`s Lynn and West Norfolk","E07000146","Total",147451,143409,135955,605,255,6594,1372,362,235,376,399,1863,668,134,51,386,624,561,319,118,124,246,74,172
"2011","North Norfolk","E07000147","Total",101499,100127,98001,354,46,1726,617,194,76,197,150,531,112,5,67,141,206,157,67,73,17,67,10,57
"2011","Norwich","E07000148","Total",132512,120375,112237,874,127,7137,3039,684,660,876,819,5844,1684,255,540,1679,1686,2147,1727,272,148,1107,643,464
"2011","South Norfolk","E07000149","Total",124012,120981,117998,455,183,2345,1214,313,179,422,300,1270,433,64,60,325,388,378,259,68,51,169,70,99
"2011","Babergh","E07000200","Total",87740,85845,83666,486,51,1642,827,306,92,216,213,666,180,9,65,161,251,264,133,89,42,138,10,128
"2011","Forest Heath","E07000201","Total",59748,54907,46142,583,108,8074,1744,267,274,402,801,1263,300,135,96,105,627,1296,373,173,750,538,12,526
"2011","Ipswich","E07000202","Total",133384,118596,110624,610,149,7213,4816,2579,655,637,945,5740,1801,242,1687,666,1344,3096,1025,1554,517,1136,151,985
"2011","Mid Suffolk","E07000203","Total",96731,94667,92747,345,76,1499,953,311,120,298,224,647,170,17,38,158,264,371,164,126,81,93,7,86
"2011","St Edmundsbury","E07000204","Total",111008,106615,101239,728,78,4570,1404,412,222,420,350,1824,599,123,126,298,678,902,452,259,191,263,74,189
"2011","Suffolk Coastal","E07000205","Total",124298,119976,116655,585,51,2685,1513,471,222,473,347,2032,769,115,145,463,540,556,269,208,79,221,57,164
"2011","Waveney","E07000206","Total",115254,112589,110385,407,91,1706,1215,387,200,341,287,959,180,56,96,308,319,369,208,100,61,122,9,113
"2011","Camden","E09000007","Total",220338,146055,96937,7053,167,41898,12322,2494,1800,3880,4148,35446,6083,1489,12503,6493,8878,18060,10802,3496,3762,8455,3432,5023
"2011","City of London","E09000001","Total",7375,5799,4243,180,3,1373,289,38,37,111,103,940,216,16,232,263,213,193,98,46,49,154,69,85
"2011","Hackney","E09000012","Total",246270,134617,89030,5216,474,39897,15869,4989,2866,3020,4994,25867,7599,1905,6180,3436,6747,56858,27976,19168,9714,13059,1721,11338
"2011","Hammersmith and Fulham","E09000013","Total",182493,124222,81989,6321,217,35695,10044,2769,1495,2649,3131,16635,3451,1612,1056,3140,7376,21505,10552,7111,3842,10087,5228,4859
"2011","Haringey","E09000014","Total",254926,154343,88424,6997,370,58552,16548,4856,2609,3738,5345,24150,5945,1920,4417,3744,8124,47830,23037,18087,6706,12055,2229,9826
"2011","Islington","E09000019","Total",206125,140515,98322,8140,163,33890,13339,4236,1912,2964,4227,19034,3534,951,4662,4457,5430,26294,12622,7943,5729,6943,1893,5050
"2011","Kensington and Chelsea","E09000020","Total",158649,112017,62271,3715,119,45912,8986,1695,1148,3021,3122,15861,2577,911,836,3968,7569,10333,5536,3257,1540,11452,6455,4997
"2011","Lambeth","E09000022","Total",303086,173025,118250,7456,195,47124,23160,8302,4301,3574,6983,20938,4983,3072,2221,4573,6089,78542,35187,28886,14469,7421,1728,5693
"2011","Lewisham","E09000023","Total",275885,147686,114446,5206,208,27826,20472,8539,3559,3045,5329,25534,4600,1596,1388,6164,11786,74942,32025,30854,12063,7251,1456,5795
"2011","Newham","E09000025","Total",307984,89216,51516,2172,462,35066,13945,3957,3319,2677,3992,133895,42484,30307,37262,3930,19912,60256,37811,15050,7395,10672,3523,7149
"2011","Southwark","E09000028","Total",288283,156349,114534,6222,263,35330,17778,5677,3687,3003,5411,27192,5819,1623,3912,8074,7764,77511,47413,17974,12124,9453,2440,7013
"2011","Tower Hamlets","E09000030","Total",254096,114819,79231,3863,175,31550,10360,2837,1509,2961,3053,104501,6787,2442,81377,8109,5786,18629,9495,5341,3793,5787,2573,3214
"2011","Wandsworth","E09000032","Total",306995,219216,163739,7664,163,47650,15241,4642,2034,3887,4678,33338,8642,9718,1493,3715,9770,32756,14818,12297,5641,6444,2350,4094
"2011","Westminster","E09000033","Total",219396,135330,77334,4960,76,52960,11395,1869,1927,3584,4015,31862,7213,2328,6299,5917,10105,16472,9141,4449,2882,24337,15724,8613
"2011","Barking and Dagenham","E09000002","Total",185911,108386,91949,1730,182,14525,7878,2669,2128,1246,1835,29594,7436,8007,7701,1315,5135,37140,28685,5227,3228,2913,973,1940
"2011","Barnet","E09000003","Total",356386,228553,162117,8685,151,57600,17169,3097,3112,5882,5078,65918,27920,5344,2215,8259,22180,27431,19392,4468,3571,17315,5210,12105
"2011","Bexley","E09000004","Total",231997,189962,179250,2596,624,7492,5395,1676,983,1369,1367,15243,7047,730,777,2514,4175,19624,15952,2381,1291,1773,303,1470
"2011","Brent","E09000005","Total",311215,112880,55887,12320,320,44353,15775,4291,2820,3642,5022,105986,58017,14381,1749,3250,28589,58632,24391,23723,10518,17942,11430,6512
"2011","Bromley","E09000006","Total",309392,260870,239478,4463,580,16349,10897,3897,1335,3016,2649,16067,6215,1014,1265,2768,4805,18686,9819,6609,2258,2872,870,2002
"2011","Croydon","E09000008","Total",363378,200195,171740,5369,234,22852,23895,9650,3279,5140,5826,59627,24660,10865,2570,3925,17607,73256,28981,31320,12955,6405,1701,4704
"2011","Ealing","E09000009","Total",338449,165818,103035,10428,300,52055,15066,3939,1989,4653,4485,100439,48240,14711,1786,4132,31570,36860,17299,13192,6369,20266,9804,10462
"2011","Enfield","E09000010","Total",312466,190640,126450,6899,344,56947,17183,4852,2384,4189,5758,34893,11648,2594,5599,2588,12464,53687,28222,17334,8131,16063,1930,14133
"2011","Greenwich","E09000011","Total",254557,159002,133130,4291,430,21151,12274,4011,2699,2361,3203,29894,7836,2594,1645,5061,12758,48655,35164,8051,5440,4732,1069,3663
"2011","Harrow","E09000015","Total",239056,100991,73826,7336,181,19648,9499,2344,1053,3417,2685,101808,63051,7797,1378,2629,26953,19708,8526,6812,4370,7050,3708,3342
"2011","Havering","E09000016","Total",237232,207949,197615,2989,160,7185,4933,1970,712,1154,1097,11545,5017,1492,975,1459,2602,11481,7581,2885,1015,1324,311,1013
"2011","Hillingdon","E09000017","Total",273936,166031,142916,5949,344,16822,10479,2719,1409,3602,2749,69253,36795,9200,2639,2889,17730,20082,11275,4615,4192,8091,2925,5166
"2011","Hounslow","E09000018","Total",253957,130505,96264,4775,183,29283,10349,2273,1730,3390,2956,87257,48161,13676,2189,2405,20826,16813,10787,3381,2645,9033,3638,5395
"2011","Kingston upon Thames","E09000021","Total",160060,119219,101015,2718,95,15391,6269,1238,700,2500,1831,26152,6325,3009,892,2883,13043,4021,2616,1027,378,4399,2439,1960
"2011","Merton","E09000024","Total",199693,129606,96658,4417,216,28315,9334,2579,1279,2829,2647,36143,8106,7337,2216,2618,15866,20811,10442,8126,2243,3799,1413,2386
"2011","Redbridge","E09000026","Total",278970,118646,96253,3900,140,18353,11456,3204,1692,3251,3309,116503,45660,31051,16011,3000,20781,24845,12357,9064,3424,7520,1551,5969
"2011","Richmond upon Thames","E09000027","Total",186990,160725,133582,4766,95,22282,6780,1250,731,2857,1942,13607,5202,1163,867,1753,4622,2816,1643,840,333,3062,1172,1890
"2011","Sutton","E09000029","Total",190146,149449,134854,3219,193,11183,7134,2298,838,2286,1712,22035,6454,2595,1183,2240,9563,9120,5471,2742,907,2408,976,1432
"2011","Waltham Forest","E09000031","Total",258249,134799,92999,3959,369,37472,13766,4568,2403,2602,4193,54389,9134,26347,4632,2579,11697,44791,18815,18841,7135,10504,3776,6728
"2011","Bracknell Forest","E06000036","Total",113205,102554,96080,984,118,5372,2303,656,297,808,542,5664,1989,518,134,556,2467,2189,1586,402,201,495,201,294
"2011","Brighton and Hove","E06000043","Total",273369,243512,220018,3772,198,19524,10408,2182,2019,3351,2856,11278,2996,649,1367,2999,3267,4188,2893,879,416,3983,2184,1799
"2011","Isle of Wight","E06000046","Total",138265,134545,131099,747,94,2605,1709,507,123,738,341,1514,435,80,131,219,649,303,141,115,47,194,52,142
"2011","Medway","E06000035","Total",263925,236579,225654,1946,510,8469,5176,1730,735,1546,1165,13615,7132,1516,1304,1065,2598,6663,4742,1428,493,1892,517,1375
"2011","Milton Keynes","E06000042","Total",248821,199094,183934,2498,72,12590,8235,2243,1597,2228,2167,22782,8106,3851,1989,2722,6114,17131,13058,2524,1549,1579,565,1014
"2011","Portsmouth","E06000044","Total",205056,181182,172313,1071,85,7713,5467,1103,935,2381,1048,12474,2911,539,3649,2611,2764,3777,2958,540,279,2156,1078,1078
"2011","Reading","E06000038","Total",155698,116387,101725,2269,90,12303,6180,2718,802,1428,1232,21161,6514,6967,695,1603,5382,10470,6087,3279,1104,1500,680,820
"2011","Slough","E06000039","Total",140205,64053,48401,1607,220,13825,4758,1667,607,1429,1055,55697,21922,24869,549,797,7560,12115,7548,3096,1471,3582,928,2654
"2011","Southampton","E06000045","Total",236882,203528,183980,1746,341,17461,5678,1678,941,1796,1263,19892,6742,3019,1401,3449,5281,5067,3508,1132,427,2717,1312,1405
"2011","West Berkshire","E06000037","Total",153822,145854,139044,1284,164,5362,2420,776,262,831,551,3808,1675,473,225,659,776,1376,701,514,161,364,139,225
"2011","Windsor and Maidenhead","E06000040","Total",144560,124505,112081,2055,219,10150,3315,679,358,1399,879,13848,5860,4238,393,1071,2286,1725,1039,473,213,1167,379,788
"2011","Wokingham","E06000041","Total",154380,136525,129119,1367,291,5748,3182,890,337,1273,682,11438,5331,2865,222,1203,1817,2093,1203,712,178,1142,500,642
"2011","Aylesbury Vale","E07000004","Total",174137,156079,148360,1573,134,6012,3864,1518,461,1077,808,10105,1872,5408,201,636,1988,3323,1676,1302,345,766,339,427
"2011","Chiltern","E07000005","Total",92635,84749,79579,1118,121,3931,2040,380,190,998,472,5046,1799,1772,120,442,913,524,258,213,53,276,58,218
"2011","South Bucks","E07000006","Total",66867,56365,51541,1133,256,3435,1607,416,119,720,352,7533,4758,965,171,527,1112,709,354,278,77,653,174,479
"2011","Wycombe","E07000007","Total",171644,139477,130313,1553,103,7508,4849,2259,328,1330,932,20585,2939,13091,597,949,3009,5934,1744,3382,808,799,282,517
"2011","Eastbourne","E07000061","Total",99412,93508,86903,978,66,5561,1791,434,302,572,483,2795,671,107,287,621,1109,783,517,159,107,535,229,306
"2011","Hastings","E07000062","Total",90254,84631,80624,702,150,3155,1948,595,277,585,491,2126,487,78,276,366,919,1065,639,303,123,484,161,323
"2011","Lewes","E07000063","Total",97502,94159,90218,757,97,3087,1275,325,155,460,335,1400,360,64,153,316,507,416,248,123,45,252,97,155
"2011","Rother","E07000064","Total",90588,87951,85279,596,134,1942,1031,267,107,405,252,1103,276,16,109,217,485,305,181,76,48,198,72,126
"2011","Wealden","E07000065","Total",148915,145173,139745,933,368,4127,1428,326,182,562,358,1719,459,52,217,411,580,343,215,110,18,252,79,173
"2011","Basingstoke and Deane","E07000084","Total",167799,155888,148078,1324,163,6323,2813,1047,318,863,585,6715,2437,389,330,1221,2338,1909,1259,470,180,474,138,336
"2011","East Hampshire","E07000085","Total",115608,111635,107568,656,267,3144,1305,312,153,513,327,1859,481,31,165,316,866,517,396,81,40,292,141,151
"2011","Eastleigh","E07000086","Total",125199,118537,114873,602,191,2871,1740,391,254,652,443,3740,1954,160,294,625,707,605,430,129,46,577,201,376
"2011","Fareham","E07000087","Total",111581,107959,105663,475,85,1736,1359,301,150,657,251,1667,663,77,125,467,335,357,215,109,33,239,106,133
"2011","Gosport","E07000088","Total",82622,79685,78001,313,32,1339,1066,272,142,426,226,1073,428,31,149,214,251,592,321,183,88,206,48,158
"2011","Hart","E07000089","Total",91033,86355,82534,642,273,2906,1457,311,152,685,309,2448,880,141,136,435,856,506,266,178,62,267,100,167
"2011","Havant","E07000090","Total",120684,117162,114919,532,64,1647,1514,404,215,588,307,1427,504,72,155,313,383,388,252,55,81,193,73,120
"2011","New Forest","E07000091","Total",176462,172160,167445,829,423,3463,1620,439,188,603,390,1665,472,34,195,338,626,612,328,141,143,405,72,333
"2011","Rushmoor","E07000092","Total",93807,79520,75511,718,155,3136,2057,624,342,644,447,9755,1310,635,206,497,7107,1868,1115,538,215,607,134,473
"2011","Test Valley","E07000093","Total",116398,111645,107743,537,153,3212,1494,378,246,565,305,2368,937,141,166,434,690,487,258,149,80,404,139,265
"2011","Winchester","E07000094","Total",116595,111577,107070,733,263,3511,1626,321,180,684,441,2639,665,92,222,745,915,457,250,147,60,296,110,186
"2011","Ashford","E07000105","Total",117956,110520,105498,753,531,3738,1682,544,235,507,396,3991,958,161,185,431,2256,1375,948,327,100,388,87,301
"2011","Canterbury","E07000106","Total",151145,140620,132269,1260,374,6717,2551,680,305,897,669,5135,1448,306,251,1436,1694,1937,1338,437,162,902,405,497
"2011","Dartford","E07000107","Total",97365,85070,80466,767,244,3593,2161,620,346,693,502,5799,2670,179,431,538,1981,3578,2814,497,267,757,179,578
"2011","Dover","E07000108","Total",111674,107966,103848,572,234,3312,1029,281,133,360,255,2031,397,40,151,274,1169,386,265,85,36,262,65,197
"2011","Gravesham","E07000109","Total",101720,84226,78422,791,320,4693,2066,564,359,627,516,10604,7538,550,477,326,1713,2885,2226,456,203,1939,94,1845
"2011","Maidstone","E07000110","Total",155143,145996,138235,955,838,5968,2345,625,319,841,560,4943,1226,340,381,461,2535,1380,867,356,157,479,140,339
"2011","Sevenoaks","E07000111","Total",114893,110029,104538,950,391,4150,1675,424,176,682,393,2085,712,106,146,500,621,853,569,204,80,251,84,167
"2011","Shepway","E07000112","Total",107969,102215,98029,745,164,3277,1267,387,149,420,311,3699,413,93,226,281,2686,458,277,130,51,330,64,266
"2011","Swale","E07000113","Total",135835,131155,126130,780,730,3515,1575,533,225,441,376,1489,545,107,206,233,398,1395,993,277,125,221,47,174
"2011","Thanet","E07000114","Total",134186,128194,121346,1026,187,5635,2186,720,329,598,539,2504,738,184,178,450,954,910,585,239,86,392,118,274
"2011","Tonbridge and Malling","E07000115","Total",120805,115872,111662,760,350,3100,1677,474,199,667,337,2431,755,165,236,496,779,421,222,143,56,404,130,274
"2011","Tunbridge Wells","E07000116","Total",115049,109239,103115,880,322,4922,1893,414,222,787,470,2903,736,175,513,552,927,638,419,142,77,376,122,254
"2011","Cherwell","E07000177","Total",141868,130761,122491,1104,105,7061,2560,835,370,729,626,6039,1681,2382,184,657,1135,1961,1040,600,321,547,145,402
"2011","Oxford","E07000178","Total",151906,117957,96633,2431,92,18801,6035,1721,703,2008,1603,18827,4449,4825,1791,3559,4203,7028,4456,1874,698,2059,922,1137
"2011","South Oxfordshire","E07000179","Total",134257,128993,122083,1092,135,5683,1801,506,168,690,437,2405,814,194,179,443,775,768,445,241,82,290,89,201
"2011","Vale of White Horse","E07000180","Total",120988,114824,108599,956,109,5160,1574,377,180,621,396,2962,842,350,185,649,936,1230,828,246,156,398,149,249
"2011","West Oxfordshire","E07000181","Total",104779,101469,96995,708,182,3584,1263,320,136,473,334,1424,354,95,152,310,513,437,270,109,58,186,53,133
"2011","Elmbridge","E07000207","Total",130875,118123,104508,2072,153,11390,3411,521,347,1550,993,7075,2489,555,504,1143,2384,1010,620,272,118,1256,597,659
"2011","Epsom and Ewell","E07000208","Total",75102,64502,59049,1142,132,4179,1922,406,223,758,535,6484,1828,667,325,922,2742,1128,679,304,145,1066,538,528
"2011","Guildford","E07000209","Total",137183,124707,114510,1193,491,8513,2501,432,288,1077,704,6616,1661,487,320,1884,2264,1656,1162,336,158,1703,923,780
"2011","Mole Valley","E07000210","Total",85375,81168,76907,798,128,3335,1257,276,117,518,346,2177,707,152,206,358,754,399,207,131,61,374,148,226
"2011","Reigate and Banstead","E07000211","Total",137835,124879,117092,1554,179,6054,3037,736,409,1111,781,6992,2192,1189,532,914,2165,2166,1312,603,251,761,266,495
"2011","Runnymede","E07000212","Total",80510,71633,64397,1073,220,5943,1671,348,217,638,468,5561,2022,378,235,1173,1753,862,584,195,83,783,365,418
"2011","Spelthorne","E07000213","Total",95598,83455,77411,1366,192,4486,2382,575,316,905,586,7295,4013,656,259,621,1746,1545,971,419,155,921,322,599
"2011","Surrey Heath","E07000214","Total",86144,77692,73179,828,162,3523,1626,370,171,696,389,5389,1713,667,298,535,2176,861,528,253,80,576,184,392
"2011","Tandridge","E07000215","Total",82998,77880,74095,865,286,2634,1789,513,181,683,412,2164,746,139,102,418,759,882,400,373,109,283,47,236
"2011","Waverley","E07000216","Total",121572,116717,110190,1032,167,5328,1623,332,168,746,377,2283,533,246,169,623,712,538,353,147,38,411,162,249
"2011","Woking","E07000217","Total",99198,82926,74335,1089,151,7351,2335,411,299,975,650,11462,2328,5682,450,870,2132,1383,1012,270,101,1092,549,543
"2011","Adur","E07000223","Total",61182,58663,56843,426,121,1273,886,206,193,305,182,1058,234,55,269,242,258,313,241,60,12,262,170,92
"2011","Arun","E07000224","Total",149518,145118,137024,889,162,7043,1502,426,221,532,323,2116,498,107,367,412,732,538,313,160,65,244,72,172
"2011","Chichester","E07000225","Total",113794,110322,105841,743,238,3500,1092,269,158,361,304,1617,470,36,131,339,641,518,319,129,70,245,102,143
"2011","Crawley","E07000226","Total",106597,85180,76888,967,77,7248,3098,806,615,883,794,13825,5530,4548,427,496,2824,3469,2164,465,840,1025,424,601
"2011","Horsham","E07000227","Total",131301,126062,121020,904,234,3904,1774,364,260,725,425,2585,734,165,209,472,1005,651,440,155,56,229,75,154
"2011","Mid Sussex","E07000228","Total",139860,133018,126341,1235,142,5300,1967,378,277,805,507,3761,1410,154,399,525,1273,788,487,201,100,326,87,239
"2011","Worthing","E07000229","Total",104640,98136,93594,815,99,3628,1836,437,337,658,404,3372,783,171,544,474,1400,869,605,169,95,427,151,276
"2011","Bath and North East Somerset","E06000022","Total",176016,166473,158640,1146,58,6629,2898,951,292,954,701,4577,1116,170,219,1912,1160,1326,499,672,155,742,375,367
"2011","Bournemouth","E06000028","Total",183491,168797,153752,1355,218,13472,4191,1043,601,1396,1151,7066,1940,213,408,1840,2665,1764,1208,380,176,1673,693,980
"2011","Bristol, City of","E06000023","Total",428234,359592,333432,3851,359,21950,15438,7389,1533,3402,3114,23655,6547,6863,2104,3886,4255,25734,12085,6727,6922,3815,1272,2543
"2011","Cornwall","E06000052","Total",532273,522848,509628,2046,635,10539,4400,1248,490,1553,1109,3434,837,107,280,1004,1206,762,292,368,102,829,189,640
"2011","Isles of Scilly","E06000053","Total",2203,2177,2087,10,0,80,18,3,3,9,3,2,0,0,0,0,2,2,1,1,0,4,0,4
"2011","North Somerset","E06000024","Total",202566,197076,190553,1113,176,5234,2033,681,256,698,398,2436,817,111,299,619,590,632,383,188,61,389,127,262
"2011","Plymouth","E06000026","Total",256384,246509,238263,1105,153,6988,3287,904,523,1028,832,3906,875,202,359,1251,1219,1678,1106,343,229,1004,399,605
"2011","Poole","E06000029","Total",147645,141523,135698,756,214,4855,1916,491,246,680,499,3276,1098,96,382,698,1002,520,329,119,72,410,127,283
"2011","South Gloucestershire","E06000025","Total",262767,249574,241611,1223,271,6469,3667,1516,396,1016,739,6440,2699,698,238,1312,1493,2218,987,980,251,868,366,502
"2011","Swindon","E06000030","Total",209156,187898,177028,1852,180,8838,4226,1506,568,1163,989,13365,6901,1292,936,954,3282,2861,1718,807,336,806,188,618
"2011","Torbay","E06000027","Total",130959,127699,124162,657,37,2843,1420,440,195,443,342,1353,403,79,99,261,511,251,140,73,38,236,100,136
"2011","Wiltshire","E06000054","Total",470981,454971,439725,2381,757,12108,5568,1968,656,1667,1277,6178,1547,215,595,1210,2611,3228,1418,1151,659,1036,288,748
"2011","East Devon","E07000040","Total",132457,130347,127442,593,90,2222,904,238,89,358,219,930,220,6,71,210,423,146,68,61,17,130,35,95
"2011","Exeter","E07000041","Total",117773,109590,104013,629,93,4855,1938,403,278,773,484,4595,946,164,227,1998,1260,667,492,128,47,983,659,324
"2011","Mid Devon","E07000042","Total",77750,76696,74554,278,88,1776,484,132,69,169,114,428,116,7,18,167,120,94,64,17,13,48,4,44
"2011","North Devon","E07000043","Total",93667,91742,89832,316,45,1549,785,294,75,287,129,835,215,67,78,152,323,158,63,70,25,147,61,86
"2011","South Hams","E07000044","Total",83140,81784,79681,371,45,1687,653,161,75,264,153,458,115,12,64,102,165,121,73,36,12,124,70,54
"2011","Teignbridge","E07000045","Total",124220,122163,119480,499,118,2066,925,255,92,323,255,893,165,17,78,347,286,117,48,52,17,122,26,96
"2011","Torridge","E07000046","Total",63839,63021,61985,211,54,771,429,141,53,125,110,271,39,3,17,126,86,51,11,34,6,67,31,36
"2011","West Devon","E07000047","Total",53553,52730,51603,233,21,873,402,126,56,130,90,300,57,4,17,93,129,59,26,23,10,62,27,35
"2011","Christchurch","E07000048","Total",47752,46591,45414,299,48,830,505,110,69,195,131,495,97,5,44,179,170,83,50,27,6,78,15,63
"2011","East Dorset","E07000049","Total",87166,85645,83876,371,171,1227,594,163,67,229,135,737,157,43,198,167,172,106,61,29,16,84,26,58
"2011","North Dorset","E07000050","Total",68583,66977,64936,279,95,1667,552,136,78,216,122,796,111,11,76,128,470,197,108,65,24,61,14,47
"2011","Purbeck","E07000051","Total",44973,44340,43253,228,89,770,326,96,47,112,71,231,33,12,27,54,105,48,35,6,7,28,6,22
"2011","West Dorset","E07000052","Total",99264,97284,95011,500,104,1669,770,200,100,275,195,934,242,59,87,242,304,169,111,43,15,107,40,67
"2011","Weymouth and Portland","E07000053","Total",65167,63480,61860,298,48,1274,653,247,70,185,151,640,97,21,93,173,256,321,153,125,43,73,15,58
"2011","Cheltenham","E07000078","Total",115732,109084,102140,1058,68,5818,1878,493,256,661,468,3675,1584,179,315,760,837,721,527,124,70,374,172,202
"2011","Cotswold","E07000079","Total",82881,81075,78284,503,87,2201,698,167,86,274,171,794,218,16,38,223,299,229,136,47,46,85,4,81
"2011","Forest of Dean","E07000080","Total",81961,80699,79227,277,78,1117,528,170,82,181,95,473,159,25,1,129,159,199,99,58,42,62,5,57
"2011","Gloucester","E07000081","Total",121688,108462,102912,850,136,4564,3565,2139,316,551,559,5839,3204,639,490,448,1058,3486,1100,1880,506,336,119,217
"2011","Stroud","E07000082","Total",112779,110426,107026,591,57,2752,1216,364,129,428,295,751,177,28,53,193,300,260,96,125,39,126,33,93
"2011","Tewkesbury","E07000083","Total",81943,79901,77010,480,305,2106,776,294,54,258,170,901,387,55,63,158,238,255,132,79,44,110,31,79
"2011","Mendip","E07000187","Total",109279,107057,102987,596,246,3228,996,266,144,354,232,929,227,21,69,256,356,210,124,57,29,87,25,62
"2011","Sedgemoor","E07000188","Total",114588,112724,109199,459,132,2934,869,285,105,278,201,735,144,34,150,139,268,140,76,54,10,120,34,86
"2011","South Somerset","E07000189","Total",161243,158130,153123,550,148,4309,1158,305,191,382,280,1409,342,87,90,378,512,357,207,111,39,189,44,145
"2011","Taunton Deane","E07000190","Total",110187,107116,103020,499,193,3404,1010,266,183,322,239,1608,324,59,108,448,669,286,190,62,34,167,63,104
"2011","West Somerset","E07000191","Total",34675,34228,33229,153,14,832,208,78,27,71,32,192,32,2,25,26,107,20,10,7,3,27,9,18
"2011","Anglesey","W06000001","Total",69751,68520,67349,476,65,630,480,180,41,180,79,491,135,33,53,153,117,81,50,25,6,179,134,45
"2011","Gwynedd","W06000002","Total",121874,117573,115072,570,153,1778,964,287,126,332,219,2170,461,220,176,905,408,289,195,70,24,878,700,178
"2011","Conwy","W06000003","Total",115228,112549,109911,840,65,1733,894,294,124,275,201,1252,317,101,134,376,324,199,114,54,31,334,200,134
"2011","Denbighshire","W06000004","Total",93734,91254,89581,533,34,1106,751,251,80,269,151,1430,240,157,111,346,576,161,104,35,22,138,39,99
"2011","Flintshire","W06000005","Total",152506,150161,146185,693,95,3188,851,267,121,258,205,1201,296,87,223,323,272,142,88,42,12,151,50,101
"2011","Wrexham","W06000006","Total",134844,130647,125477,492,104,4574,1010,264,180,326,240,2321,857,181,206,426,651,625,526,57,42,241,96,145
"2011","Powys","W06000023","Total",132976,130827,127773,502,128,2424,760,208,82,294,176,1142,145,9,67,171,750,132,42,70,20,115,23,92
"2011","Ceredigion","W06000008","Total",75922,73443,70717,478,74,2174,736,198,75,251,212,1099,367,81,91,322,238,266,164,86,16,378,197,181
"2011","Pembrokeshire","W06000009","Total",122439,120121,117092,834,454,1741,733,234,78,261,160,1192,341,69,103,205,474,179,94,44,41,214,61,153
"2011","Carmarthenshire","W06000010","Total",183777,180323,175591,754,335,3643,1033,326,118,364,225,1837,563,159,117,298,700,279,115,115,49,305,132,173
"2011","Swansea","W06000011","Total",239023,224697,218655,1101,85,4856,2160,548,280,781,551,7803,1477,591,1944,2052,1739,1983,1707,172,104,2380,1694,686
"2011","Neath Port Talbot","W06000012","Total",139812,137087,135450,474,125,1038,910,384,75,262,189,1369,280,125,311,280,373,299,97,175,27,147,53,94
"2011","Bridgend","W06000013","Total",139178,136090,133656,474,63,1897,998,338,120,264,276,1549,337,122,114,356,620,315,152,121,42,226,75,151
"2011","The Vale of Glamorgan","W06000014","Total",126336,121838,119212,639,21,1966,1695,629,247,431,388,1967,566,216,121,454,610,489,165,252,72,347,174,173
"2011","Cardiff","W06000015","Total",346090,293114,277798,2547,521,12248,10031,3641,1742,2459,2189,27885,7886,6354,4838,4168,4639,8201,5213,1322,1666,6859,4707,2152
"2011","Rhondda, Cynon, Taff","W06000016","Total",234410,228241,225716,582,53,1890,1506,550,192,420,344,3030,656,267,106,1065,936,1308,1140,99,69,325,160,165
"2011","Merthyr Tydfil","W06000024","Total",58802,57391,55635,122,62,1572,462,154,46,151,111,696,168,50,45,120,313,143,118,10,15,110,32,78
"2011","Caerphilly","W06000018","Total",178806,175845,173899,402,31,1513,1174,454,147,296,277,1346,327,123,32,495,369,242,121,112,9,199,67,132
"2011","Blaenau Gwent","W06000019","Total",69814,68750,67954,102,72,622,394,163,36,106,89,485,202,39,26,122,96,95,56,33,6,90,12,78
"2011","Torfaen","W06000020","Total",91075,89231,88209,307,155,560,603,237,103,138,125,977,172,64,80,208,453,169,47,88,34,95,14,81
"2011","Monmouthshire","W06000021","Total",91323,89526,87762,395,6,1363,624,174,51,232,167,900,245,54,40,193,368,144,80,45,19,129,69,60
"2011","Newport","W06000022","Total",145736,131025,126756,769,84,3416,2752,1318,360,669,405,7986,1218,3127,1749,600,1292,2535,1499,782,254,1438,926,512

