Area code 2,Area name,,,,Usual residents in households ,,Households with at least one usual resident,1 person in household,2 people in household,3 people in household,4 people in household,5 or more people in household
E06000047,,County Durham UA 4,,,500288,,223803,70007,80984,36607,26074,10131
E06000005,,Darlington UA,,,104111,,46670,15101,16657,7191,5352,2369
E06000001,,Hartlepool UA,,,91091,,40434,13392,13478,6629,4759,2176
E06000002,,Middlesbrough UA,,,136156,,57203,17708,18554,9221,7220,4500
E06000048,,Northumberland UA 5,,,310591,,138534,41406,53502,20775,16422,6429
E06000003,,Redcar and Cleveland UA,,,133929,,59605,18735,21165,9738,7119,2848
E06000004,,Stockton-on-Tees UA,,,187959,,79159,21986,27938,13583,10704,4948
,,,,,,,,,,,,
E11000004,,Tyne and Wear (Met County),,,1086693,,484527,162165,162777,76898,57028,25659
E08000020,,,Gateshead,,197726,,89154,29313,31486,14011,10277,4067
E08000021,,,Newcastle upon Tyne,,271212,,117153,40337,36432,17610,13872,8902
E08000022,,,North Tyneside,,199142,,91295,30960,31879,14107,10722,3627
E08000023,,,South Tyneside,,146729,,67167,23459,22431,10798,7492,2987
E08000024,,,Sunderland,,271884,,119758,38096,40549,20372,14665,6076
,,,,,,,,,,,,
E06000008,,Blackburn with Darwen UA,,,145827,,57353,17419,17082,8808,7307,6737
E06000009,,Blackpool UA,,,137960,,64367,24446,20833,9345,6399,3344
E06000049,,Cheshire East UA 6,,,365065,,159441,47328,57990,25266,20969,7888
E06000050,,Cheshire West and Chester UA 7,,,326236,,141442,41841,51108,22381,18383,7729
E06000006,,Halton UA,,,124874,,53312,15833,17938,9272,7130,3139
E06000007,,Warrington UA,,,198828,,85140,24534,29885,14347,11868,4506
,,,,,,,,,,,,
E10000006,,Cumbria ,,,490939,,222042,71740,82130,31605,26121,10446
E07000026,,,Allerdale,,94970,,42345,13169,15710,6196,5199,2071
E07000027,,,Barrow-in-Furness,,68392,,31224,10791,10657,4744,3611,1421
E07000028,,,Carlisle,,106138,,48342,16423,17028,6939,5709,2243
E07000029,,,Copeland,,69312,,30536,9308,11198,4640,3768,1622
E07000030,,,Eden,,51613,,23043,6958,9028,3122,2806,1129
E07000031,,,South Lakeland,,100514,,46552,15091,18509,5964,5028,1960
,,,,,,,,,,,,
E11000001,,Greater Manchester (Met County),,,2639700,,1128066,364137,364604,180646,137422,81257
E08000001,,,Bolton,,274855,,116371,37091,37513,18430,14570,8767
E08000002,,,Bury,,183025,,78113,24263,26003,12647,9981,5219
E08000003,,,Manchester,,481030,,204969,72255,61144,31456,21743,18371
E08000004,,,Oldham ,,223170,,89703,26790,28033,15000,11280,8600
E08000005,,,Rochdale,,209552,,87552,28183,27518,13687,10581,7583
E08000006,,,Salford,,228346,,103556,37751,33517,15597,10567,6124
E08000007,,,Stockport,,280915,,121979,38535,41329,18868,16015,7232
E08000008,,,Tameside,,217736,,94953,31037,30941,15765,11470,5740
E08000009,,,Trafford,,225277,,94484,28179,31108,15335,13262,6600
E08000010,,,Wigan,,315794,,136386,40053,47498,23861,17953,7021
,,,,,,,,,,,,
E10000017,,Lancashire ,,,1143277,,496299,154167,174362,76454,60514,30802
E07000117,,,Burnley,,86117,,37550,12506,12312,6028,4151,2553
E07000118,,,Chorley,,104277,,44919,12724,16445,7493,5942,2315
E07000119,,,Fylde,,74035,,34885,12328,12812,4816,3495,1434
E07000120,,,Hyndburn,,80088,,34341,11061,11449,5336,3990,2505
E07000121,,,Lancaster,,129433,,57822,18838,20790,8281,6734,3179
E07000122,,,Pendle,,88846,,37348,12088,12382,5399,4184,3295
E07000123,,,Preston,,134392,,57567,19835,17505,8486,7154,4587
E07000124,,,Ribble Valley,,55951,,24045,6948,8773,3646,3336,1342
E07000125,,,Rossendale,,67262,,29058,8988,10046,4655,3507,1862
E07000126,,,South Ribble,,108225,,46102,12453,17059,7982,6145,2463
E07000127,,,West Lancashire,,108689,,45381,12226,16340,7415,6482,2918
E07000128,,,Wyre,,105962,,47281,14172,18449,6917,5394,2349
,,,,,,,,,,,,
E11000002,,Merseyside (Met County),,,1355114,,602087,207857,191912,94777,72232,35309
E08000011,,,Knowsley ,,144990,,61323,19041,18991,10794,8321,4176
E08000012,,,Liverpool,,450085,,206515,80973,60213,30559,22422,12348
E08000014,,,Sefton,,269697,,117930,37820,39735,18512,14948,6915
E08000013,,,St. Helens,,173958,,75736,22694,26441,13094,9616,3891
E08000015,,,Wirral,,316384,,140583,47329,46532,21818,16925,7979
,,,,,,,,,,,,
E06000011,,East Riding of Yorkshire UA,,,326951,,143032,39276,57418,21535,18017,6786
E06000010,,"Kingston upon Hull, City of UA",,,252748,,112596,39788,35562,17174,13273,6799
E06000012,,North East Lincolnshire UA,,,157786,,69707,21793,25134,10699,8239,3842
E06000013,,North Lincolnshire UA,,,165871,,70684,19420,26503,11570,8983,4208
E06000014,,York UA,,,190392,,83552,25224,31228,12414,9977,4709
,,,,,,,,,,,,
E10000023,,North Yorkshire ,,,582624,,256594,74954,99465,37800,31256,13119
E07000163,,,Craven,,54375,,24583,7651,9691,3329,2696,1216
E07000164,,,Hambleton,,87321,,38117,10679,14896,5811,4819,1912
E07000165,,,Harrogate,,153821,,67169,19340,25628,10051,8750,3400
E07000166,,,Richmondshire,,47344,,20207,5239,8116,2996,2724,1132
E07000167,,,Ryedale,,50611,,22524,6546,9149,3122,2553,1154
E07000168,,,Scarborough,,106427,,49435,16966,18655,6616,4817,2381
E07000169,,,Selby,,82725,,34559,8533,13330,5875,4897,1924
,,,,,,,,,,,,
E11000003,,South Yorkshire (Met County),,,1321137,,565442,170055,198057,89336,71515,36479
E08000016,,,Barnsley,,229539,,100734,29734,36871,16770,12530,4829
E08000017,,,Doncaster,,297200,,126487,36104,45170,20979,16425,7809
E08000018,,,Rotherham ,,255334,,108293,30902,38646,17826,14244,6675
E08000019,,,Sheffield,,539064,,229928,73315,77370,33761,28316,17166
,,,,,,,,,,,,
E11000006,,West Yorkshire (Met County),,,2188168,,922452,288889,308153,139986,113905,71519
E08000032,,,Bradford,,515315,,199296,58934,60941,29949,25313,24159
E08000033,,,Calderdale,,202376,,88621,29023,30183,13197,10711,5507
E08000034,,,Kirklees ,,416840,,173525,52553,58412,26257,22372,13931
E08000035,,,Leeds,,731373,,320596,106739,108020,47243,37941,20653
E08000036,,,Wakefield,,322264,,140414,41640,50597,23340,17568,7269
,,,,,,,,,,,,
E06000015,,Derby UA,,,244625,,102271,31578,33604,15537,13438,8114
E06000016,,Leicester UA,,,321527,,123125,36951,33618,19422,17970,15164
E06000018,,Nottingham UA,,,289738,,126131,45617,38283,18679,12803,10749
E06000017,,Rutland UA,,,34252,,15002,4111,6089,2217,1845,740
,,,,,,,,,,,,
E10000007,,Derbyshire ,,,760840,,332637,96233,125403,52206,42347,16448
E07000032,,,Amber Valley,,121167,,52596,14658,20280,8233,6802,2623
E07000033,,,Bolsover,,75251,,32801,9521,12197,5337,4021,1725
E07000034,,,Chesterfield,,102681,,46796,15412,16996,7097,5203,2088
E07000035,,,Derbyshire Dales,,69562,,30744,8899,12289,4173,3810,1573
E07000036,,,Erewash,,110939,,48692,14164,18141,8038,6139,2210
E07000037,,,High Peak,,89867,,38946,11362,14259,6043,5215,2067
E07000038,,,North East Derbyshire,,98240,,43070,12158,16643,6799,5570,1900
E07000039,,,South Derbyshire,,93133,,38992,10059,14598,6486,5587,2262
,,,,,,,,,,,,
E10000018,,Leicestershire ,,,636274,,267434,72496,98349,42179,37872,16538
E07000129,,,Blaby,,92894,,38686,10095,14248,6322,5644,2377
E07000130,,,Charnwood,,158719,,66516,18658,23591,10518,9334,4415
E07000131,,,Harborough,,84008,,34898,8995,13099,5311,5303,2190
E07000132,,,Hinckley and Bosworth,,104275,,45377,12771,17340,7160,5896,2210
E07000133,,,Melton,,49916,,21490,5902,8314,3245,2901,1128
E07000134,,,North West Leicestershire,,92697,,39128,10587,14422,6328,5478,2313
E07000135,,,Oadby and Wigston,,53765,,21339,5488,7335,3295,3316,1905
,,,,,,,,,,,,
E10000019,,Lincolnshire,,,698748,,306971,87130,121831,46343,36026,15641
E07000136,,,Boston,,63736,,27291,7676,10297,4302,3342,1674
E07000137,,,East Lindsey,,133400,,60890,18179,25789,8197,5872,2853
E07000138,,,Lincoln,,87880,,39825,13696,13661,6086,4319,2063
E07000139,,,North Kesteven,,105980,,45972,12052,18789,7100,5876,2155
E07000140,,,South Holland,,87409,,37264,9441,15369,5695,4657,2102
E07000141,,,South Kesteven,,132493,,57344,15599,22439,9030,7425,2851
E07000142,,,West Lindsey,,87850,,38385,10487,15487,5933,4535,1943
,,,,,,,,,,,,
E10000021,,Northamptonshire,,,681850,,287730,80100,104126,46075,39107,18322
E07000150,,,Corby,,60990,,25215,6696,8717,4690,3404,1708
E07000151,,,Daventry,,75886,,31647,7953,12207,5001,4526,1960
E07000152,,,East Northamptonshire,,84910,,35662,9134,13821,5562,5045,2100
E07000153,,,Kettering,,92521,,39701,11503,14375,6219,5294,2310
E07000154,,,Northampton,,208463,,88731,27048,30203,14010,11283,6187
E07000155,,,South Northamptonshire,,84497,,34717,8264,13398,5528,5433,2094
E07000156,,,Wellingborough,,74583,,32057,9502,11405,5065,4122,1963
,,,,,,,,,,,,
E10000024,,Nottinghamshire ,,,774338,,334303,94773,124469,53872,43328,17861
E07000170,,,Ashfield,,118213,,50931,14278,18853,8669,6429,2702
E07000171,,,Bassetlaw,,109979,,47667,13367,18100,7683,6051,2466
E07000172,,,Broxtowe,,108570,,46820,13083,17509,7643,6194,2391
E07000173,,,Gedling,,112759,,49349,14641,18186,7835,6123,2564
E07000174,,,Mansfield,,103487,,44928,13098,16302,7598,5570,2360
E07000175,,,Newark and Sherwood,,112526,,48773,13842,18563,7555,6113,2700
E07000176,,,Rushcliffe,,108804,,45835,12464,16956,6889,6848,2678
E06000019,,"Herefordshire, County of UA",,,180595,,78319,22540,29968,11451,9772,4588
E06000051,,Shropshire UA 8,,,298183,,129674,37540,49377,19083,16308,7366
E06000021,,Stoke-on-Trent UA,,,246075,,107575,35357,35631,17258,12549,6780
E06000020,,Telford and Wrekin UA,,,164440,,66608,16793,23691,11579,9372,5173
,,,,,,,,,,,,
E10000028,,Staffordshire ,,,832952,,355263,98491,131081,57913,47742,20036
E07000192,,,Cannock Chase,,96791,,40664,10940,14547,7095,5748,2334
E07000193,,,East Staffordshire,,111488,,47251,13823,16652,7561,6031,3184
E07000194,,,Lichfield,,98893,,41224,10024,16234,6754,5776,2436
E07000195,,,Newcastle-under-Lyme,,119708,,52574,16236,18512,8564,6513,2749
E07000196,,,South Staffordshire,,106157,,44458,11239,16981,7213,6581,2444
E07000197,,,Stafford,,127609,,55703,16236,20827,8638,7147,2855
E07000198,,,Staffordshire Moorlands,,95860,,41772,11747,16101,6497,5398,2029
E07000199,,,Tamworth,,76446,,31617,8246,11227,5591,4548,2005
,,,,,,,,,,,,
E10000031,,Warwickshire,,,537501,,231005,67054,83987,36098,30421,13445
E07000218,,,North Warwickshire,,61468,,25812,6776,9581,4338,3590,1527
E07000219,,,Nuneaton and Bedworth,,124410,,52711,15090,18326,9002,7034,3259
E07000220,,,Rugby,,98180,,41875,11784,15295,6727,5566,2503
E07000221,,,Stratford-on-Avon,,118853,,51928,14804,20139,7625,6764,2596
E07000222,,,Warwick,,134590,,58679,18600,20646,8406,7467,3560
,,,,,,,,,,,,
E11000005,,West Midlands (Met County),,,2693432,,1086748,332684,332547,172961,141111,107445
E08000025,,,Birmingham,,1051366,,410736,131200,115438,62424,50272,51402
E08000026,,,Coventry,,307730,,128592,40148,40638,20733,16646,10427
E08000027,,,Dudley ,,310398,,129867,36652,45175,21746,17603,8691
E08000028,,,Sandwell ,,305928,,121498,35935,35998,20756,16496,12313
E08000029,,,Solihull,,205087,,86056,25102,29037,13668,12583,5666
E08000030,,,Walsall,,267397,,107822,30771,35208,17410,14457,9976
E08000031,,,Wolverhampton,,245526,,102177,32876,31053,16224,13054,8970
,,,,,,,,,,,,
E10000034,,Worcestershire ,,,556357,,239717,67789,90409,36789,31330,13400
E07000234,,,Bromsgrove,,90833,,38290,10041,14422,6062,5686,2079
E07000235,,,Malvern Hills,,72422,,32212,9555,12754,4485,3754,1664
E07000236,,,Redditch,,83745,,34722,9282,12550,5709,4785,2396
E07000237,,,Worcester,,96854,,42042,13135,14583,6422,5341,2561
E07000238,,,Wychavon,,115545,,49466,12886,19811,7496,6697,2576
E07000239,,,Wyre Forest,,96958,,42985,12890,16289,6615,5067,2124
,,,,,,,,,,,,
E06000055,,Bedford UA 9,,,154536,,63812,18396,21264,10534,8697,4921
E06000056,,Central Bedfordshire UA 10,,,252120,,104399,27030,37399,17957,15702,6311
E06000032,,Luton UA,,,201549,,74293,20319,20641,12413,10617,10303
E06000031,,Peterborough UA,,,181827,,74023,21252,24505,11997,9868,6401
E06000033,,Southend-on-Sea UA,,,171489,,74678,24386,24848,11186,9501,4757
E06000034,,Thurrock UA,,,157072,,62353,16368,19584,11128,10184,5089
,,,,,,,,,,,,
E10000003,,Cambridgeshire ,,,598066,,251241,68780,91732,39226,35524,15979
E07000008,,,Cambridge,,107345,,46714,15848,14791,7161,5721,3193
E07000009,,,East Cambridgeshire,,83056,,34614,8893,12958,5577,5103,2083
E07000010,,,Fenland,,93934,,40620,11576,15575,6137,4907,2425
E07000011,,,Huntingdonshire,,166952,,69333,17691,26076,11000,10238,4328
E07000012,,,South Cambridgeshire,,146779,,59960,14772,22332,9351,9555,3950
,,,,,,,,,,,,
E10000012,,Essex ,,,1375440,,581589,165217,206490,91273,82138,36471
E07000066,,,Basildon,,173372,,72746,21480,24094,11812,10564,4796
E07000067,,,Braintree,,145463,,61043,16537,22087,9914,8726,3779
E07000068,,,Brentwood,,72789,,30646,8853,10458,4715,4738,1882
E07000069,,,Castle Point,,87385,,36440,9524,13588,5770,5170,2388
E07000070,,,Chelmsford,,166182,,69667,19138,24829,11029,10339,4332
E07000071,,,Colchester,,167080,,71634,20849,25631,11291,9661,4202
E07000072,,,Epping Forest,,123623,,51991,15285,17318,8406,7595,3387
E07000073,,,Harlow,,81551,,34620,10599,11168,5808,4828,2217
E07000074,,,Maldon,,61097,,25817,6923,9731,3941,3684,1538
E07000075,,,Rochford,,82736,,33564,8112,12425,5288,5465,2274
E07000076,,,Tendring,,135867,,62105,20545,23752,8243,6232,3333
E07000077,,,Uttlesford,,78295,,31316,7372,11409,5056,5136,2343
,,,,,,,,,,,,
E10000015,,Hertfordshire,,,1101351,,453817,128815,149100,73207,70454,32241
E07000095,,,Broxbourne,,93267,,37658,10070,12104,6551,6211,2722
E07000096,,,Dacorum,,142845,,59938,17275,20364,9520,8941,3838
E07000097,,,East Hertfordshire,,135762,,56577,15722,19415,8954,9026,3460
E07000098,,,Hertsmere,,98478,,39778,11148,12427,6598,6479,3126
E07000099,,,North Hertfordshire,,125817,,53426,15494,18605,8435,7688,3204
E07000100,,,St Albans,,139058,,56140,14988,18843,8609,9494,4206
E07000101,,,Stevenage,,83405,,34898,10455,11019,6115,4908,2401
E07000102,,,Three Rivers,,86324,,35108,9738,11341,5709,5747,2573
E07000103,,,Watford,,89565,,36681,11392,11029,5838,5226,3196
E07000104,,,Welwyn Hatfield,,106830,,43613,12533,13953,6878,6734,3515
,,,,,,,,,,,,
E10000020,,Norfolk,,,841042,,372085,109134,146508,53939,43099,19405
E07000143,,,Breckland,,127632,,54519,14150,22132,8278,6765,3194
E07000144,,,Broadland,,122931,,53336,14087,21632,8111,6999,2507
E07000145,,,Great Yarmouth,,96230,,42079,12571,15664,6541,4846,2457
E07000146,,,King?s Lynn and West Norfolk,,145253,,62977,17116,25580,9365,7336,3580
E07000147,,,North Norfolk,,99023,,46046,14320,19614,5796,4328,1988
E07000148,,,Norwich,,127754,,60319,23020,20223,8168,5929,2979
E07000149,,,South Norfolk,,122219,,52809,13870,21663,7680,6896,2700
,,,,,,,,,,,,
E10000029,,Suffolk,,,714113,,310745,90013,118902,45188,38919,17723
E07000200,,,Babergh,,86170,,37522,10570,14748,5383,4764,2057
E07000201,,,Forest Heath,,58175,,25376,7238,9669,4082,3034,1353
E07000202,,,Ipswich,,131262,,57298,18507,19242,9036,6959,3554
E07000203,,,Mid Suffolk,,95254,,40306,10219,16364,5757,5599,2367
E07000204,,,St Edmundsbury,,107942,,45802,12089,17756,7094,6154,2709
E07000205,,,Suffolk Coastal,,121791,,53558,15645,21198,7024,6759,2932
E07000206,,,Waveney,,113519,,50883,15745,19925,6812,5650,2751
,,,,,,,,,,,,
E13000001,,Inner London,,,3181235,,1363817,489334,402799,202424,150540,118720
E09000007,,,Camden,,212443,,97534,39531,28215,13085,10245,6458
E09000001,,,City of London,,7187,,4385,2472,1356,339,153,65
E09000012,,,Hackney,,244433,,101690,35635,28827,16124,11336,9768
E09000013,,,Hammersmith and Fulham,,180652,,80590,30148,24049,11863,9029,5501
E09000014,,,Haringey,,253236,,101955,32524,29431,16563,12753,10684
E09000019,,,Islington,,200134,,93556,36240,30161,13394,8400,5361
E09000020,,,Kensington and Chelsea,,155939,,78536,36524,22823,8855,6348,3986
E09000022,,,Lambeth,,300101,,130017,44691,39789,21164,14670,9703
E09000023,,,Lewisham,,273342,,116091,39680,34220,17931,14707,9553
E09000025,,,Newham,,306009,,101519,26536,22164,16502,15211,21106
E09000028,,,Southwark,,282560,,120422,40307,36090,20904,13688,9433
E09000030,,,Tower Hamlets,,250343,,101257,35047,30440,13223,10124,12423
E09000032,,,Wandsworth,,301648,,130493,42106,43894,19970,15575,8948
E09000033,,,Westminster,,213208,,105772,47893,31340,12507,8301,5731
,,,,,,,,,,,,
E13000002,,Outer London,,,4892465,,1902356,541224,545006,324186,289312,202628
E09000002,,,Barking and Dagenham,,184901,,69681,19215,18641,12616,10516,8693
E09000003,,,Barnet,,352597,,135916,37957,38861,23078,21249,14771
E09000004,,,Bexley,,230902,,92604,25789,28734,15633,14650,7798
E09000005,,,Brent,,308895,,110286,30616,26666,19007,16509,17488
E09000006,,,Bromley,,307023,,130862,40815,41993,21331,18166,8557
E09000008,,,Croydon,,360230,,145010,43043,43020,25094,20435,13418
E09000009,,,Ealing,,334725,,124082,35329,31666,21170,19108,16809
E09000010,,,Enfield,,310066,,119916,33359,33792,20930,19313,12522
E09000011,,,Greenwich,,249991,,101045,32370,28490,16256,13828,10101
E09000015,,,Harrow,,236970,,84268,19008,23449,14861,15376,11574
E09000016,,,Havering,,235671,,97199,28215,31228,16132,14344,7280
E09000017,,,Hillingdon,,267227,,100214,25290,29274,17348,16715,11587
E09000018,,,Hounslow,,251961,,94902,25985,26019,16929,14224,11745
E09000021,,,Kingston upon Thames,,156358,,63639,18198,19807,10964,9719,4951
E09000024,,,Merton,,198217,,78757,22294,23958,13311,11747,7447
E09000026,,,Redbridge,,277323,,99105,25228,25902,16873,16194,14908
E09000027,,,Richmond upon Thames,,184098,,79835,26008,25479,12428,11198,4722
E09000029,,,Sutton,,188695,,78174,23749,23697,13350,11593,5785
E09000031,,,Waltham Forest,,256615,,96861,28756,24330,16875,14428,12472
,,,,,,,,,,,,
E06000036,,Bracknell Forest UA,,,110512,,45878,12707,15522,7648,7185,2816
E06000043,,Brighton and Hove UA,,,266059,,121540,44294,39817,17285,13244,6900
E06000046,,Isle of Wight UA,,,133713,,61085,19957,23439,8333,6208,3148
E06000035,,Medway UA,,,259988,,106209,29434,34837,18384,15493,8061
E06000042,,Milton Keynes UA,,,246715,,98584,25546,32859,17221,14896,8062
E06000044,,Portsmouth UA,,,200052,,85473,27471,27470,13514,10686,6332
E06000038,,Reading UA,,,151330,,62869,19237,20410,9955,8066,5201
E06000039,,Slough UA,,,139697,,50766,14447,12370,8563,7812,7574
E06000045,,Southampton UA,,,228459,,98254,33241,31029,14638,11705,7641
E06000037,,West Berkshire UA,,,150878,,62340,16123,22607,10190,9502,3918
E06000040,,Windsor and Maidenhead UA,,,141065,,58349,16554,19740,9227,8683,4145
E06000041,,Wokingham UA,,,151740,,60332,14084,21502,10094,10397,4255
,,,,,,,,,,,,
E10000002,,Buckinghamshire ,,,497299,,200727,52065,70479,31471,30987,15725
E07000004,,,Aylesbury Vale,,170651,,69406,17612,25130,11111,10545,5008
E07000005,,,Chiltern,,91871,,36946,9179,13075,5858,6131,2703
E07000006,,,South Bucks,,65819,,26514,7136,8966,4176,4038,2198
E07000007,,,Wycombe,,168958,,67861,18138,23308,10326,10273,5816
,,,,,,,,,,,,
E10000011,,East Sussex ,,,515598,,231905,75991,85492,31728,25624,13070
E07000061,,,Eastbourne,,96968,,45012,16298,15808,5959,4579,2368
E07000062,,,Hastings,,88562,,41159,15781,13369,5696,3890,2423
E07000063,,,Lewes,,95880,,42181,12744,15853,6074,5165,2345
E07000064,,,Rother,,88149,,40877,13889,15959,5065,3768,2196
E07000065,,,Wealden,,146039,,62676,17279,24503,8934,8222,3738
,,,,,,,,,,,,
E10000014,,Hampshire ,,,1296211,,545254,145623,204410,85066,76776,33379
E07000084,,,Basingstoke and Deane,,166468,,69315,18298,25207,11407,10049,4354
E07000085,,,East Hampshire,,113394,,47258,12182,17858,7353,6906,2959
E07000086,,,Eastleigh,,124266,,52177,13934,19150,8428,7654,3011
E07000087,,,Fareham,,110125,,46579,11814,18320,7461,6507,2477
E07000088,,,Gosport,,81766,,35430,10566,12879,5516,4309,2160
E07000089,,,Hart,,89369,,35510,7961,12987,5929,6224,2409
E07000090,,,Havant,,119422,,51311,14675,19352,7797,6230,3257
E07000091,,,New Forest,,173491,,76839,22210,30783,10849,9194,3803
E07000092,,,Rushmoor,,91890,,36344,9291,11943,6269,5847,2994
E07000093,,,Test Valley,,114478,,47626,11855,18527,7344,7010,2890
E07000094,,,Winchester,,111542,,46865,12837,17404,6713,6846,3065
,,,,,,,,,,,,
E10000016,,Kent ,,,1435745,,605638,174331,214222,94275,81350,41460
E07000105,,,Ashford,,116993,,47787,12242,17251,7824,6955,3515
E07000106,,,Canterbury,,142562,,60771,18085,21695,8932,7743,4316
E07000107,,,Dartford,,96376,,40081,11643,13168,6498,5987,2785
E07000108,,,Dover,,109462,,48310,15276,17629,7234,5231,2940
E07000109,,,Gravesham,,100976,,40431,11131,13015,6732,5978,3575
E07000110,,,Maidstone,,152445,,63447,16452,23572,10266,9203,3954
E07000111,,,Sevenoaks,,113622,,47020,12697,16663,7188,7345,3127
E07000112,,,Shepway,,106151,,47379,15791,16985,6661,4881,3061
E07000113,,,Swale,,133380,,55585,15128,19815,9266,7531,3845
E07000114,,,Thanet,,131755,,59513,20646,20566,8516,6281,3504
E07000115,,,Tonbridge and Malling,,119401,,48140,11553,17521,7955,7748,3363
E07000116,,,Tunbridge Wells,,112622,,47174,13687,16342,7203,6467,3475
,,,,,,,,,,,,
E10000025,,Oxfordshire,,,624099,,258855,70834,91583,41103,37781,17554
E07000177,,,Cherwell,,138916,,56728,14307,20587,9470,8549,3815
E07000178,,,Oxford,,133241,,55375,18316,16341,8555,7316,4847
E07000179,,,South Oxfordshire,,131483,,54104,13734,19966,8390,8586,3428
E07000180,,,Vale of White Horse,,118044,,49407,13065,18258,7933,7177,2974
E07000181,,,West Oxfordshire,,102415,,43241,11412,16431,6755,6153,2490
,,,,,,,,,,,,
E10000030,,Surrey,,,1105800,,455791,124431,156622,72413,71536,30789
E07000207,,,Elmbridge,,129483,,52922,14568,17450,8221,9102,3581
E07000208,,,Epsom and Ewell,,74026,,29784,7730,9843,4975,5168,2068
E07000209,,,Guildford,,130920,,53973,14422,18900,8678,8372,3601
E07000210,,,Mole Valley,,83985,,35828,10477,12732,5302,5139,2178
E07000211,,,Reigate and Banstead,,134346,,55423,15163,18958,8866,8777,3659
E07000212,,,Runnymede,,77346,,32714,9836,10892,5156,4705,2125
E07000213,,,Spelthorne,,94837,,39512,11262,13154,6677,5805,2614
E07000214,,,Surrey Heath,,84440,,33546,7867,11953,5533,5771,2422
E07000215,,,Tandridge,,80916,,33342,8909,11809,5118,5272,2234
E07000216,,,Waverley,,117219,,49280,13698,17801,7437,7145,3199
E07000217,,,Woking,,98282,,39467,10499,13130,6450,6280,3108
,,,,,,,,,,,,
E10000032,,West Sussex,,,791540,,345614,106784,123540,50665,44912,19713
E07000223,,,Adur,,60424,,26957,8553,9709,4126,3291,1278
E07000224,,,Arun,,145744,,66706,22020,25331,8942,7162,3251
E07000225,,,Chichester,,110837,,49848,15948,18859,6551,5836,2654
E07000226,,,Crawley,,105859,,42727,12129,13275,7275,6482,3566
E07000227,,,Horsham,,128633,,54923,15476,20234,8246,7898,3069
E07000228,,,Mid Sussex,,137291,,57409,15768,20325,9101,8678,3537
E07000229,,,Worthing,,102752,,47044,16890,15807,6424,5565,2358
,,,,,,,,,,,,
E06000022,,Bath and North East Somerset UA,,,169977,,73515,22535,26034,10483,9959,4504
E06000028,,Bournemouth UA,,,179138,,82374,30390,27575,11034,8664,4711
E06000023,,"Bristol, City of UA",,,418814,,182747,61607,60565,26593,21192,12790
E06000052,,Cornwall UA 11,,,523432,,230389,69269,87823,33313,26863,13121
E06000053,,Isles of Scilly UA 12,,,2123,,989,336,378,122,114,39
E06000024,,North Somerset UA,,,199225,,88227,27115,33000,12468,11081,4563
E06000026,,Plymouth UA,,,251100,,109307,34317,38502,16644,12859,6985
E06000029,,Poole UA,,,145103,,63530,19134,23517,9589,7772,3518
E06000025,,South Gloucestershire UA,,,258207,,107538,28554,38898,17056,16507,6523
E06000030,,Swindon UA,,,207858,,88360,26143,30472,14261,11989,5495
E06000027,,Torbay UA,,,127908,,59010,20192,21959,7953,5879,3027
E06000054,,Wiltshire UA 13,,,457954,,194194,51845,74250,30011,26671,11417
,,,,,,,,,,,,
E10000008,,Devon ,,,727737,,322644,97945,124941,44313,37473,17972
E07000040,,,East Devon,,129528,,59071,18269,24150,7479,6318,2855
E07000041,,,Exeter,,111808,,49242,16555,16572,7042,5922,3151
E07000042,,,Mid Devon,,76866,,32758,8995,12585,4895,4212,2071
E07000043,,,North Devon,,91592,,40001,11846,15343,5620,4746,2446
E07000044,,,South Hams,,81805,,36858,11242,14754,4887,4147,1828
E07000045,,,Teignbridge,,121337,,54003,16222,21121,7600,6300,2760
E07000046,,,Torridge,,62887,,27986,8402,11156,3746,3119,1563
E07000047,,,West Devon,,51914,,22725,6414,9260,3044,2709,1298
,,,,,,,,,,,,
E10000009,,Dorset ,,,403366,,180213,53769,72193,24424,20517,9310
E07000048,,,Christchurch,,47298,,21475,6856,8396,2703,2414,1106
E07000049,,,East Dorset,,86193,,37564,9820,15987,5193,4648,1916
E07000050,,,North Dorset,,65572,,28670,8095,11492,4020,3485,1578
E07000051,,,Purbeck,,44334,,19583,5699,7825,2699,2296,1064
E07000052,,,West Dorset,,96596,,44386,14161,17794,5733,4585,2113
E07000053,,,Weymouth and Portland,,63373,,28535,9138,10699,4076,3089,1533
,,,,,,,,,,,,
E10000013,,Gloucestershire ,,,586018,,254615,75945,94118,36901,32783,14868
E07000078,,,Cheltenham,,112148,,50929,17735,17716,6822,5921,2735
E07000079,,,Cotswold,,81319,,36236,10959,14134,4917,4395,1831
E07000080,,,Forest of Dean,,80040,,34167,9226,13393,5073,4390,2085
E07000081,,,Gloucester,,119955,,50363,14695,17072,8183,6971,3442
E07000082,,,Stroud,,111503,,47794,13472,18175,6771,6504,2872
E07000083,,,Tewkesbury,,81053,,35126,9858,13628,5135,4602,1903
,,,,,,,,,,,,
E10000027,,Somerset,,,517124,,226989,67537,86569,32602,27550,12731
E07000187,,,Mendip,,106031,,46157,13809,17069,6711,5835,2733
E07000188,,,Sedgemoor,,113056,,48801,13844,18714,7221,6107,2915
E07000189,,,South Somerset,,157903,,69501,20491,26957,9912,8346,3795
E07000190,,,Taunton Deane,,106852,,46907,14181,17397,6934,5858,2537
E07000191,,,West Somerset,,33282,,15623,5212,6432,1824,1404,751
W06000001,,,Isle of Anglesey,,68941,,30594,9888,10941,4380,3541,1844
W06000002,,,Gwynedd,,117974,,52473,18548,17299,6990,5954,3682
W06000003,,,Conwy,,112531,,51177,17297,18668,6881,5529,2802
W06000004,,,Denbighshire,,92483,,40546,12714,14668,5783,4890,2491
W06000005,,,Flintshire,,151679,,63781,17477,23014,10427,8845,4018
W06000006,,,Wrexham,,133244,,57029,16817,19782,9421,7708,3301
W06000023,,,Powys,,131047,,58345,18359,22160,7770,6562,3494
W06000008,,,Ceredigion,,71444,,31562,10456,11257,4267,3413,2169
W06000009,,,Pembrokeshire,,120545,,53122,16392,19972,7352,6153,3253
W06000010,,,Carmarthenshire,,181227,,78829,23770,28636,12131,9558,4734
W06000011,,,Swansea,,234363,,103497,34485,34757,15533,12524,6198
W06000012,,,Neath Port Talbot,,138682,,60393,18259,20910,10326,7835,3063
W06000013,,,Bridgend ,,136842,,58515,16472,20919,10151,7791,3182
W06000014,,,The Vale of Glamorgan,,124259,,53505,15851,18868,8654,6988,3144
W06000015,,,Cardiff,,334551,,142557,47141,45206,21363,17882,10965
W06000016,,,Rhondda Cynon Taf,,231885,,99663,29875,33674,17205,13365,5544
W06000024,,,Merthyr Tydfil,,58334,,24264,6559,8321,4454,3441,1489
W06000018,,,Caerphilly,,177755,,74479,20196,26235,13195,10278,4575
W06000019,,,Blaenau Gwent,,69239,,30416,9608,10185,5364,3716,1543
W06000020,,,Torfaen,,90360,,38524,11163,13408,6547,5156,2250
W06000021,,,Monmouthshire,,89694,,38233,10592,14388,5862,5084,2307
W06000022,,,Newport,,144103,,61172,18849,20359,9596,8065,4303
S12000033,,,Aberdeen City,,214243,,103371,39219,35942,14620,9787,3803
S12000034,,,Aberdeenshire,,250471,,104714,27728,38132,17034,15496,6324
S12000041,,,Angus,,114445,,51616,16587,18888,7550,6228,2363
S12000035,,,Argyll & Bute,,85694,,40125,14273,14619,5210,4141,1882
S12000005,,,Clackmannanshire,,50439,,22734,7313,8149,3631,2585,1056
S12000006,,,Dumfries & Galloway,,149341,,67980,22124,25469,9557,7585,3245
S12000042,,,Dundee City,,142101,,69193,27955,22424,9779,6309,2726
S12000008,,,East Ayrshire,,121306,,53919,17125,18736,8895,6643,2520
S12000045,,,East Dunbartonshire,,104431,,43473,12333,14287,7254,6963,2636
S12000010,,,East Lothian,,97819,,42905,13139,15190,6739,5742,2095
S12000011,,,East Renfrewshire,,89988,,37225,11239,11485,5869,5979,2653
S12000036,,,"Edinburgh, City of",,462334,,223051,87176,74692,30484,21888,8811
S12000013,,,Eilean Siar14,,27318,,12576,4679,4051,1841,1280,725
S12000014,,,Falkirk,,154192,,68732,21788,24102,11193,8561,3088
S12000015,,,Fife,,357440,,160952,51239,58921,24700,18600,7492
S12000046 ,,,Glasgow City,,578251,,285693,123236,86701,39174,24253,12329
S12000017,,,Highland,,228364,,102091,32378,37460,15135,11740,5378
S12000018,,,Inverclyde,,80261,,37434,14394,11297,5775,4322,1646
S12000019,,,Midlothian,,82257,,34978,9593,12697,6018,4752,1918
S12000020,,,Moray,,91203,,40062,12053,14894,5937,5033,2145
S12000021,,,North Ayrshire,,136609,,62498,21610,21513,9446,6976,2953
S12000044,,,North Lanarkshire,,335317,,145998,46842,46659,25225,19317,7955
S12000023,,,Orkney Islands,,21151,,9725,3351,3522,1297,1076,479
S12000024,,,Perth & Kinross,,142139,,64777,20875,24439,9239,7283,2941
S12000038,,,Renfrewshire,,172717,,80902,31226,24691,12156,9439,3390
S12000026,,,Scottish Borders,,112589,,52498,18043,19547,6963,5745,2200
S12000027,,,Shetland Islands,,22981,,9950,3189,3430,1387,1238,706
S12000028,,,South Ayrshire,,111270,,51286,17380,18513,7486,5720,2187
S12000029,,,South Lanarkshire,,310501,,139188,46648,46026,22556,17483,6475
S12000030,,,Stirling,,85874,,37566,11505,13294,5850,4926,1991
S12000039,,,West Dunbartonshire,,90028,,42167,16163,12947,6552,4704,1801
S12000040,,,West Lothian,,173312,,73398,20911,24941,12939,10535,4072
